rank	name	length	plddt	confidence	ptm	tm2_audit	rmsd_audit	aligned_audit	source_model	pdb_file	sequence
1	run05_candidate_0346_run05_three_loop_inputs_run05_three_loop_t2_0_model_3_lm0.4639_mut28	239	0.9175593852996826	0.8989880681037903	0.8247026205062866	0.93438	1.9	226.0	run05/output/boltz_results/boltz_results_boltz_yamls/predictions/run05_candidate_0346_run05_three_loop_inputs_run05_three_loop_t2_0_model_3_lm0.4639_mut28/run05_candidate_0346_run05_three_loop_inputs_run05_three_loop_t2_0_model_3_lm0.4639_mut28_model_0.cif	run05/top48_plddt_boltz_pdbs/pdbs/rank001_cand0346_t2_0_model_3_lm0.4639_mut28.pdb	MSKGEELFTGVVPILVELDGDVNGHKFSVRGEGEGDATNGKLTLKFICTTGKLPVPWPTLVTTLTYGVQCFSRYPDHMKRHDFFKSAMPEGYVQERTISFKDDGTYKTRAEVKFEGDTLVNRIELKGINIKERLRRLGRGMVEATFSHNVYITADKQKNGIKANFKIRHNVEDGSVQLADHYQQNTPIGNGNAVVGEDHYLSTQSVLSRDPAKRDEHMVLLEFVTAAGITHGGMDELYK
2	run05_candidate_0063_run05_three_loop_inputs_run05_three_loop_t3_5_model_0_lm0.4949_mut22	239	0.9174426794052124	0.8765878081321716	0.7131680846214294	0.93713	1.91	228.0	run05/output/boltz_results/boltz_results_boltz_yamls/predictions/run05_candidate_0063_run05_three_loop_inputs_run05_three_loop_t3_5_model_0_lm0.4949_mut22/run05_candidate_0063_run05_three_loop_inputs_run05_three_loop_t3_5_model_0_lm0.4949_mut22_model_0.cif	run05/top48_plddt_boltz_pdbs/pdbs/rank002_cand0063_t3_5_model_0_lm0.4949_mut22.pdb	MSKGEELFTGVVPILVELDGDVNGHKFSVRGEGEGDATNGKLTLKFICTTGKLPVPWPTLVTTLTYGVQCFSRYPDHMKRHDFFKSAMPEGYVQERTISFKDDGTYKTRAEVKFEGDTLVNRIELKGIDFKPDGGVLGKKLLYTEGSHNVYITADKQKNGIKANFKIRHNVEDGSVQLADHYQQNTPIGKDGVLCGNDHYLSTQSVLSWEDPERKYHMVLLEFVTAAGITHGGMDELYK
3	run05_candidate_0241_run05_three_loop_inputs_run05_three_loop_t1_9_model_3_lm0.4745_mut24	239	0.9166523814201355	0.869968831539154	0.6832345724105835	0.93373	2.09	227.0	run05/output/boltz_results/boltz_results_boltz_yamls/predictions/run05_candidate_0241_run05_three_loop_inputs_run05_three_loop_t1_9_model_3_lm0.4745_mut24/run05_candidate_0241_run05_three_loop_inputs_run05_three_loop_t1_9_model_3_lm0.4745_mut24_model_0.cif	run05/top48_plddt_boltz_pdbs/pdbs/rank003_cand0241_t1_9_model_3_lm0.4745_mut24.pdb	MSKGEELFTGVVPILVELDGDVNGHKFSVRGEGEGDATNGKLTLKFICTTGKLPVPWPTLVTTLTYGVQCFSRYPDHMKRHDFFKSAMPEGYVQERTISFKDDGTYKTRAEVKFEGDTLVNRIELKGINFKLTGEEYRNRIKYTSGSHNVYITADKQKNGIKANFKIRHNVEDGSVQLADHYQQNTPIGSGPWDLGENHYLSTQSVLSWDPSKKDEHMVLLEFVTAAGITHGGMDELYK
4	run05_candidate_0365_run05_three_loop_inputs_run05_three_loop_t3_5_model_4_lm0.4627_mut23	239	0.9153128266334534	0.8322197794914246	0.49984732270240784	0.94077	1.85	228.0	run05/output/boltz_results/boltz_results_boltz_yamls/predictions/run05_candidate_0365_run05_three_loop_inputs_run05_three_loop_t3_5_model_4_lm0.4627_mut23/run05_candidate_0365_run05_three_loop_inputs_run05_three_loop_t3_5_model_4_lm0.4627_mut23_model_0.cif	run05/top48_plddt_boltz_pdbs/pdbs/rank004_cand0365_t3_5_model_4_lm0.4627_mut23.pdb	MSKGEELFTGVVPILVELDGDVNGHKFSVRGEGEGDATNGKLTLKFICTTGKLPVPWPTLVTTLTYGVQCFSRYPDHMKRHDFFKSAMPEGYVQERTISFKDDGTYKTRAEVKFEGDTLVNRIELKGIDFKADGGVFAKKLTYTEGSHNVYITADKQKNGIKANFKIRHNVEDGSVQLADHYQQNTPIGKDAHLVGEDHYLSTQSVLSFDPERKDEHMVLLEFVTAAGITHGGMDELYK
5	run05_candidate_0834_run05_three_loop_inputs_run05_three_loop_t3_5_model_1_lm0.4332_mut26	239	0.9101810455322266	0.8621389269828796	0.6699703335762024	0.94538	1.42	225.0	run05/output/boltz_results/boltz_results_boltz_yamls/predictions/run05_candidate_0834_run05_three_loop_inputs_run05_three_loop_t3_5_model_1_lm0.4332_mut26/run05_candidate_0834_run05_three_loop_inputs_run05_three_loop_t3_5_model_1_lm0.4332_mut26_model_0.cif	run05/top48_plddt_boltz_pdbs/pdbs/rank005_cand0834_t3_5_model_1_lm0.4332_mut26.pdb	MSKGEELFTGVVPILVELDGDVNGHKFSVRGEGEGDATNGKLTLKFICTTGKLPVPWPTLVTTLTYGVQCFSRYPDHMKRHDFFKSAMPEGYVQERTISFKDDGTYKTRAEVKFEGDTLVNRIELKGINFKPPEERLARMQFMQQGSHNVYITADKQKNGIKANFKIRHNVEDGSVQLADHYQQNTPIGTKEVNLPSDHYLSTQSVLSRDPSKPDDHMVLLEFVTAAGITHGGMDELYK
6	run05_candidate_0229_run05_three_loop_inputs_run05_three_loop_t1_9_model_3_lm0.4757_mut22	239	0.9074044227600098	0.8737176060676575	0.7389701008796692	0.94054	1.92	227.0	run05/output/boltz_results/boltz_results_boltz_yamls/predictions/run05_candidate_0229_run05_three_loop_inputs_run05_three_loop_t1_9_model_3_lm0.4757_mut22/run05_candidate_0229_run05_three_loop_inputs_run05_three_loop_t1_9_model_3_lm0.4757_mut22_model_0.cif	run05/top48_plddt_boltz_pdbs/pdbs/rank006_cand0229_t1_9_model_3_lm0.4757_mut22.pdb	MSKGEELFTGVVPILVELDGDVNGHKFSVRGEGEGDATNGKLTLKFICTTGKLPVPWPTLVTTLTYGVQCFSRYPDHMKRHDFFKSAMPEGYVQERTISFKDDGTYKTRAEVKFEGDTLVNRIELKGIDFKLTGDEYRNKIKYTSGSHNVYITADKQKNGIKANFKIRHNVEDGSVQLADHYQQNTPIGSGPWDLGENHYLSTQSVLSWDPSKKDEHMVLLEFVTAAGITHGGMDELYK
7	run05_candidate_0272_run05_three_loop_inputs_run05_three_loop_t1_6_model_2_lm0.4690_mut25	239	0.9066224694252014	0.9042662978172302	0.8948415517807007	0.93153	1.99	226.0	run05/output/boltz_results/boltz_results_boltz_yamls/predictions/run05_candidate_0272_run05_three_loop_inputs_run05_three_loop_t1_6_model_2_lm0.4690_mut25/run05_candidate_0272_run05_three_loop_inputs_run05_three_loop_t1_6_model_2_lm0.4690_mut25_model_0.cif	run05/top48_plddt_boltz_pdbs/pdbs/rank007_cand0272_t1_6_model_2_lm0.4690_mut25.pdb	MSKGEELFTGVVPILVELDGDVNGHKFSVRGEGEGDATNGKLTLKFICTTGKLPVPWPTLVTTLTYGVQCFSRYPDHMKRHDFFKSAMPEGYVQERTISFKDDGTYKTRAEVKFEGDTLVNRIELKGINFPASGLFRGKRFNFDRFSHNVYITADKQKNGIKANFKIRHNVEDGSVQLADHYQQNTPIGKGGVLSGDDHYLSTQSVLSWDPAERDRHMVLLEFVTAAGITHGGMDELYK
8	run05_candidate_0260_run05_three_loop_inputs_run05_three_loop_t3_7_model_3_lm0.4706_mut27	239	0.9042922854423523	0.883773148059845	0.8016965985298157	0.93721	1.81	228.0	run05/output/boltz_results/boltz_results_boltz_yamls/predictions/run05_candidate_0260_run05_three_loop_inputs_run05_three_loop_t3_7_model_3_lm0.4706_mut27/run05_candidate_0260_run05_three_loop_inputs_run05_three_loop_t3_7_model_3_lm0.4706_mut27_model_0.cif	run05/top48_plddt_boltz_pdbs/pdbs/rank008_cand0260_t3_7_model_3_lm0.4706_mut27.pdb	MSKGEELFTGVVPILVELDGDVNGHKFSVRGEGEGDATNGKLTLKFICTTGKLPVPWPTLVTTLTYGVQCFSRYPDHMKRHDFFKSAMPEGYVQERTISFKDDGTYKTRAEVKFEGDTLVNRIELKGIPNGPKGFTLGSDNAPATFSHNVYITADKQKNGIKANFKIRHNVEDGSVQLADHYQQNTPIGKGPDVISEDHYLSTQSVLSSDPSEGNNHMVLLEFVTAAGITHGGMDELYK
9	run05_candidate_0387_run05_three_loop_inputs_run05_three_loop_t3_5_model_4_lm0.4613_mut22	239	0.9037907719612122	0.8644850850105286	0.7072619795799255	0.95544	1.6	228.0	run05/output/boltz_results/boltz_results_boltz_yamls/predictions/run05_candidate_0387_run05_three_loop_inputs_run05_three_loop_t3_5_model_4_lm0.4613_mut22/run05_candidate_0387_run05_three_loop_inputs_run05_three_loop_t3_5_model_4_lm0.4613_mut22_model_0.cif	run05/top48_plddt_boltz_pdbs/pdbs/rank009_cand0387_t3_5_model_4_lm0.4613_mut22.pdb	MSKGEELFTGVVPILVELDGDVNGHKFSVRGEGEGDATNGKLTLKFICTTGKLPVPWPTLVTTLTYGVQCFSRYPDHMKRHDFFKSAMPEGYVQERTISFKDDGTYKTRAEVKFEGDTLVNRIELKGIDFKEDGGVFAKKLTYTEGSHNVYITADKQKNGIKANFKIRHNVEDGSVQLADHYQQNTPIGSDSHLVGEDHYLSTQSVLSFDPEKKDEHMVLLEFVTAAGITHGGMDELYK
10	run05_candidate_0196_run05_three_loop_inputs_run05_three_loop_t5_1_model_1_lm0.4789_mut23	239	0.9035065174102783	0.8887656331062317	0.8298022150993347	0.95552	1.34	227.0	run05/output/boltz_results/boltz_results_boltz_yamls/predictions/run05_candidate_0196_run05_three_loop_inputs_run05_three_loop_t5_1_model_1_lm0.4789_mut23/run05_candidate_0196_run05_three_loop_inputs_run05_three_loop_t5_1_model_1_lm0.4789_mut23_model_0.cif	run05/top48_plddt_boltz_pdbs/pdbs/rank010_cand0196_t5_1_model_1_lm0.4789_mut23.pdb	MSKGEELFTGVVPILVELDGDVNGHKFSVRGEGEGDATNGKLTLKFICTTGKLPVPWPTLVTTLTYGVQCFSRYPDHMKRHDFFKSAMPEGYVQERTISFKDDGTYKTRAEVKFEGDTLVNRIELKGIGFTPEGLKRWQGIVYTEGSHNVYITADKQKNGIKANFKIRHNVEDGSVQLADHYQQNTPIGSKPVNLGENHYLSTQSVLSRDPNDPRDHMVLLEFVTAAGITHGGMDELYK
11	run05_candidate_0794_run05_three_loop_inputs_run05_three_loop_t1_8_model_3_lm0.4358_mut25	239	0.9031291604042053	0.893429696559906	0.8546317219734192	0.93168	1.49	223.0	run05/output/boltz_results/boltz_results_boltz_yamls/predictions/run05_candidate_0794_run05_three_loop_inputs_run05_three_loop_t1_8_model_3_lm0.4358_mut25/run05_candidate_0794_run05_three_loop_inputs_run05_three_loop_t1_8_model_3_lm0.4358_mut25_model_0.cif	run05/top48_plddt_boltz_pdbs/pdbs/rank011_cand0794_t1_8_model_3_lm0.4358_mut25.pdb	MSKGEELFTGVVPILVELDGDVNGHKFSVRGEGEGDATNGKLTLKFICTTGKLPVPWPTLVTTLTYGVQCFSRYPDHMKRHDFFKSAMPEGYVQERTISFKDDGTYKTRAEVKFEGDTLVNRIELKGINFKRPGADLSDKERVELPSHNVYITADKQKNGIKANFKIRHNVEDGSVQLADHYQQNTPIGKGPETQENDHYLSTQSVLSRDPSEPENHMVLLEFVTAAGITHGGMDELYK
12	run05_candidate_0415_run05_three_loop_inputs_run05_three_loop_t3_8_model_1_lm0.4584_mut21	239	0.9014920592308044	0.849233090877533	0.640197217464447	0.95389	1.43	227.0	run05/output/boltz_results/boltz_results_boltz_yamls/predictions/run05_candidate_0415_run05_three_loop_inputs_run05_three_loop_t3_8_model_1_lm0.4584_mut21/run05_candidate_0415_run05_three_loop_inputs_run05_three_loop_t3_8_model_1_lm0.4584_mut21_model_0.cif	run05/top48_plddt_boltz_pdbs/pdbs/rank012_cand0415_t3_8_model_1_lm0.4584_mut21.pdb	MSKGEELFTGVVPILVELDGDVNGHKFSVRGEGEGDATNGKLTLKFICTTGKLPVPWPTLVTTLTYGVQCFSRYPDHMKRHDFFKSAMPEGYVQERTISFKDDGTYKTRAEVKFEGDTLVNRIELKGINFKADGGVLGKKLVYTEGSHNVYITADKQKNGIKANFKIRHNVEDGSVQLADHYQQNTPIGEKEAVLPDDHYLSTQSVLSRDPDKADEHMVLLEFVTAAGITHGGMDELYK
13	run05_candidate_0390_run05_three_loop_inputs_run05_three_loop_t3_5_model_4_lm0.4612_mut22	239	0.8996367454528809	0.7807288765907288	0.305097371339798	0.94964	1.77	228.0	run05/output/boltz_results/boltz_results_boltz_yamls/predictions/run05_candidate_0390_run05_three_loop_inputs_run05_three_loop_t3_5_model_4_lm0.4612_mut22/run05_candidate_0390_run05_three_loop_inputs_run05_three_loop_t3_5_model_4_lm0.4612_mut22_model_0.cif	run05/top48_plddt_boltz_pdbs/pdbs/rank013_cand0390_t3_5_model_4_lm0.4612_mut22.pdb	MSKGEELFTGVVPILVELDGDVNGHKFSVRGEGEGDATNGKLTLKFICTTGKLPVPWPTLVTTLTYGVQCFSRYPDHMKRHDFFKSAMPEGYVQERTISFKDDGTYKTRAEVKFEGDTLVNRIELKGIDFKEDGGVFAKKLTYTEGSHNVYITADKQKNGIKANFKIRHNVEDGSVQLADHYQQNTPIGKDSHLIGEDHYLSTQSVLSFDPAKKDEHMVLLEFVTAAGITHGGMDELYK
14	run05_candidate_0452_run05_three_loop_inputs_run05_three_loop_t3_8_model_1_lm0.4562_mut21	239	0.8993321061134338	0.8912553191184998	0.8589478135108948	0.94236	1.73	228.0	run05/output/boltz_results/boltz_results_boltz_yamls/predictions/run05_candidate_0452_run05_three_loop_inputs_run05_three_loop_t3_8_model_1_lm0.4562_mut21/run05_candidate_0452_run05_three_loop_inputs_run05_three_loop_t3_8_model_1_lm0.4562_mut21_model_0.cif	run05/top48_plddt_boltz_pdbs/pdbs/rank014_cand0452_t3_8_model_1_lm0.4562_mut21.pdb	MSKGEELFTGVVPILVELDGDVNGHKFSVRGEGEGDATNGKLTLKFICTTGKLPVPWPTLVTTLTYGVQCFSRYPDHMKRHDFFKSAMPEGYVQERTISFKDDGTYKTRAEVKFEGDTLVNRIELKGINFKKDGGVLGKKLVYTEGSHNVYITADKQKNGIKANFKIRHNVEDGSVQLADHYQQNTPIGEREAVLPDDHYLSTQSVLSRDPEKEDEHMVLLEFVTAAGITHGGMDELYK
15	run05_candidate_0108_run05_three_loop_inputs_run05_three_loop_t2_4_model_1_lm0.4899_mut30	239	0.8988659381866455	0.8496938943862915	0.6530060172080994	0.93245	2.18	228.0	run05/output/boltz_results/boltz_results_boltz_yamls/predictions/run05_candidate_0108_run05_three_loop_inputs_run05_three_loop_t2_4_model_1_lm0.4899_mut30/run05_candidate_0108_run05_three_loop_inputs_run05_three_loop_t2_4_model_1_lm0.4899_mut30_model_0.cif	run05/top48_plddt_boltz_pdbs/pdbs/rank015_cand0108_t2_4_model_1_lm0.4899_mut30.pdb	MSKGEELFTGVVPILVELDGDVNGHKFSVRGEGEGDATNGKLTLKFICTTGKLPVPWPTLVTTLTYGVQCFSRYPDHMKRHDFFKSAMPEGYVQERTISFKDDGTYKTRAEVKFEGDTLVNRIELKGINFKPEALKLGGDVSFQPEPHNVYITADKQKNGIKANFKIRHNVEDGSVQLADHYQQNTPIGNNHAIAGEDHYLSTQSVLSYDPEKREEHMVLLEFVTAAGITHGGMDELYK
16	run05_candidate_0007_run05_three_loop_inputs_run05_three_loop_t5_9_model_1_lm0.5160_mut23	239	0.898834764957428	0.8791438341140747	0.8003801107406616	0.92646	1.9	226.0	run05/output/boltz_results/boltz_results_boltz_yamls/predictions/run05_candidate_0007_run05_three_loop_inputs_run05_three_loop_t5_9_model_1_lm0.5160_mut23/run05_candidate_0007_run05_three_loop_inputs_run05_three_loop_t5_9_model_1_lm0.5160_mut23_model_0.cif	run05/top48_plddt_boltz_pdbs/pdbs/rank016_cand0007_t5_9_model_1_lm0.5160_mut23.pdb	MSKGEELFTGVVPILVELDGDVNGHKFSVRGEGEGDATNGKLTLKFICTTGKLPVPWPTLVTTLTYGVQCFSRYPDHMKRHDFFKSAMPEGYVQERTISFKDDGTYKTRAEVKFEGDTLVNRIELKGIDFKEDGRLMGIKLLGGVGPHNVYITADKQKNGIKANFKIRHNVEDGSVQLADHYQQNTPIGKGADLVGEDHYLSTQSVLSCDPSKRWEHMVLLEFVTAAGITHGGMDELYK
17	run05_candidate_0245_run05_three_loop_inputs_run05_three_loop_t1_6_model_2_lm0.4737_mut25	239	0.8983630537986755	0.8792855143547058	0.8029754161834717	0.94033	1.93	228.0	run05/output/boltz_results/boltz_results_boltz_yamls/predictions/run05_candidate_0245_run05_three_loop_inputs_run05_three_loop_t1_6_model_2_lm0.4737_mut25/run05_candidate_0245_run05_three_loop_inputs_run05_three_loop_t1_6_model_2_lm0.4737_mut25_model_0.cif	run05/top48_plddt_boltz_pdbs/pdbs/rank017_cand0245_t1_6_model_2_lm0.4737_mut25.pdb	MSKGEELFTGVVPILVELDGDVNGHKFSVRGEGEGDATNGKLTLKFICTTGKLPVPWPTLVTTLTYGVQCFSRYPDHMKRHDFFKSAMPEGYVQERTISFKDDGTYKTRAEVKFEGDTLVNRIELKGINFPASGLFRGKRFNFDSFSHNVYITADKQKNGIKANFKIRHNVEDGSVQLADHYQQNTPIGKGGVLSGDDHYLSTQSVLSWDPAERDRHMVLLEFVTAAGITHGGMDELYK
18	run05_candidate_0840_run05_three_loop_inputs_run05_three_loop_t3_5_model_1_lm0.4328_mut26	239	0.8983458876609802	0.8817378878593445	0.8153064250946045	0.93607	1.34	222.0	run05/output/boltz_results/boltz_results_boltz_yamls/predictions/run05_candidate_0840_run05_three_loop_inputs_run05_three_loop_t3_5_model_1_lm0.4328_mut26/run05_candidate_0840_run05_three_loop_inputs_run05_three_loop_t3_5_model_1_lm0.4328_mut26_model_0.cif	run05/top48_plddt_boltz_pdbs/pdbs/rank018_cand0840_t3_5_model_1_lm0.4328_mut26.pdb	MSKGEELFTGVVPILVELDGDVNGHKFSVRGEGEGDATNGKLTLKFICTTGKLPVPWPTLVTTLTYGVQCFSRYPDHMKRHDFFKSAMPEGYVQERTISFKDDGTYKTRAEVKFEGDTLVNRIELKGINFRPPEERLARMQFMQQGSHNVYITADKQKNGIKANFKIRHNVEDGSVQLADHYQQNTPIGDKEVNLPSDHYLSTQSVLSRDPSKPDDHMVLLEFVTAAGITHGGMDELYK
19	run05_candidate_0774_run05_three_loop_inputs_run05_three_loop_t1_8_model_3_lm0.4371_mut25	239	0.8982846140861511	0.8860238194465637	0.8369808197021484	0.92622	1.63	223.0	run05/output/boltz_results/boltz_results_boltz_yamls/predictions/run05_candidate_0774_run05_three_loop_inputs_run05_three_loop_t1_8_model_3_lm0.4371_mut25/run05_candidate_0774_run05_three_loop_inputs_run05_three_loop_t1_8_model_3_lm0.4371_mut25_model_0.cif	run05/top48_plddt_boltz_pdbs/pdbs/rank019_cand0774_t1_8_model_3_lm0.4371_mut25.pdb	MSKGEELFTGVVPILVELDGDVNGHKFSVRGEGEGDATNGKLTLKFICTTGKLPVPWPTLVTTLTYGVQCFSRYPDHMKRHDFFKSAMPEGYVQERTISFKDDGTYKTRAEVKFEGDTLVNRIELKGINFKRPGADLSDKERVELPSHNVYITADKQKNGIKANFKIRHNVEDGSVQLADHYQQNTPIGKGPETQEEDHYLSTQSVLSRDPSEPENHMVLLEFVTAAGITHGGMDELYK
20	run05_candidate_0348_run05_three_loop_inputs_run05_three_loop_t2_0_model_3_lm0.4638_mut27	239	0.8973395228385925	0.8050064444541931	0.43567368388175964	0.92134	2.07	226.0	run05/output/boltz_results/boltz_results_boltz_yamls/predictions/run05_candidate_0348_run05_three_loop_inputs_run05_three_loop_t2_0_model_3_lm0.4638_mut27/run05_candidate_0348_run05_three_loop_inputs_run05_three_loop_t2_0_model_3_lm0.4638_mut27_model_0.cif	run05/top48_plddt_boltz_pdbs/pdbs/rank020_cand0348_t2_0_model_3_lm0.4638_mut27.pdb	MSKGEELFTGVVPILVELDGDVNGHKFSVRGEGEGDATNGKLTLKFICTTGKLPVPWPTLVTTLTYGVQCFSRYPDHMKRHDFFKSAMPEGYVQERTISFKDDGTYKTRAEVKFEGDTLVNRIELKGIDIKERLRRLGRGMVEATFSHNVYITADKQKNGIKANFKIRHNVEDGSVQLADHYQQNTPIGNGNAIVGEDHYLSTQSVLSRDPAKRDEHMVLLEFVTAAGITHGGMDELYK
21	run05_candidate_0205_run05_three_loop_inputs_run05_three_loop_t1_9_model_3_lm0.4784_mut24	239	0.8970465660095215	0.8645476698875427	0.7345525622367859	0.93803	1.97	228.0	run05/output/boltz_results/boltz_results_boltz_yamls/predictions/run05_candidate_0205_run05_three_loop_inputs_run05_three_loop_t1_9_model_3_lm0.4784_mut24/run05_candidate_0205_run05_three_loop_inputs_run05_three_loop_t1_9_model_3_lm0.4784_mut24_model_0.cif	run05/top48_plddt_boltz_pdbs/pdbs/rank021_cand0205_t1_9_model_3_lm0.4784_mut24.pdb	MSKGEELFTGVVPILVELDGDVNGHKFSVRGEGEGDATNGKLTLKFICTTGKLPVPWPTLVTTLTYGVQCFSRYPDHMKRHDFFKSAMPEGYVQERTISFKDDGTYKTRAEVKFEGDTLVNRIELKGINFKKTGDEYRNTIKYTSGSHNVYITADKQKNGIKANFKIRHNVEDGSVQLADHYQQNTPIGSGPWDLGENHYLSTQSVLSWDPEKKDEHMVLLEFVTAAGITHGGMDELYK
22	run05_candidate_0080_run05_three_loop_inputs_run05_three_loop_t3_5_model_0_lm0.4925_mut23	239	0.8970329761505127	0.7875457406044006	0.34959667921066284	0.93848	1.8	227.0	run05/output/boltz_results/boltz_results_boltz_yamls/predictions/run05_candidate_0080_run05_three_loop_inputs_run05_three_loop_t3_5_model_0_lm0.4925_mut23/run05_candidate_0080_run05_three_loop_inputs_run05_three_loop_t3_5_model_0_lm0.4925_mut23_model_0.cif	run05/top48_plddt_boltz_pdbs/pdbs/rank022_cand0080_t3_5_model_0_lm0.4925_mut23.pdb	MSKGEELFTGVVPILVELDGDVNGHKFSVRGEGEGDATNGKLTLKFICTTGKLPVPWPTLVTTLTYGVQCFSRYPDHMKRHDFFKSAMPEGYVQERTISFKDDGTYKTRAEVKFEGDTLVNRIELKGIDFKPDGGVLGKKLLYTEGSHNVYITADKQKNGIKANFKIRHNVEDGSVQLADHYQQNTPIGKDGVLCGNDHYLSTQSVLSWEDPDRKYHMVLLEFVTAAGITHGGMDELYK
23	run05_candidate_0239_run05_three_loop_inputs_run05_three_loop_t1_9_model_3_lm0.4747_mut23	239	0.8969746828079224	0.7846325635910034	0.3352639079093933	0.93356	2.05	227.0	run05/output/boltz_results/boltz_results_boltz_yamls/predictions/run05_candidate_0239_run05_three_loop_inputs_run05_three_loop_t1_9_model_3_lm0.4747_mut23/run05_candidate_0239_run05_three_loop_inputs_run05_three_loop_t1_9_model_3_lm0.4747_mut23_model_0.cif	run05/top48_plddt_boltz_pdbs/pdbs/rank023_cand0239_t1_9_model_3_lm0.4747_mut23.pdb	MSKGEELFTGVVPILVELDGDVNGHKFSVRGEGEGDATNGKLTLKFICTTGKLPVPWPTLVTTLTYGVQCFSRYPDHMKRHDFFKSAMPEGYVQERTISFKDDGTYKTRAEVKFEGDTLVNRIELKGINFKLTGDEYRNKIKYTSGSHNVYITADKQKNGIKANFKIRHNVEDGSVQLADHYQQNTPIGSGPWDLGENHYLSTQSVLSWDPEKKDEHMVLLEFVTAAGITHGGMDELYK
24	run05_candidate_0152_run05_three_loop_inputs_run05_three_loop_t5_2_model_2_lm0.4833_mut21	239	0.8962441086769104	0.8268033266067505	0.5490398406982422	0.96648	1.24	228.0	run05/output/boltz_results/boltz_results_boltz_yamls/predictions/run05_candidate_0152_run05_three_loop_inputs_run05_three_loop_t5_2_model_2_lm0.4833_mut21/run05_candidate_0152_run05_three_loop_inputs_run05_three_loop_t5_2_model_2_lm0.4833_mut21_model_0.cif	run05/top48_plddt_boltz_pdbs/pdbs/rank024_cand0152_t5_2_model_2_lm0.4833_mut21.pdb	MSKGEELFTGVVPILVELDGDVNGHKFSVRGEGEGDATNGKLTLKFICTTGKLPVPWPTLVTTLTYGVQCFSRYPDHMKRHDFFKSAMPEGYVQERTISFKDDGTYKTRAEVKFEGDTLVNRIELKGINFKEEGIKKGLGMKVTEGSHNVYITADKQKNGIKANFKIRHNVEDGSVQLADHYQQNTPIGKGPEIVGEDHYLSTQSVLSRDPNEKRDHMVLLEFVTAAGITHGGMDELYK
25	run05_candidate_0228_run05_three_loop_inputs_run05_three_loop_t5_0_model_3_lm0.4758_mut25	239	0.8959505558013916	0.814784824848175	0.490121454000473	0.92051	2.08	226.0	run05/output/boltz_results/boltz_results_boltz_yamls/predictions/run05_candidate_0228_run05_three_loop_inputs_run05_three_loop_t5_0_model_3_lm0.4758_mut25/run05_candidate_0228_run05_three_loop_inputs_run05_three_loop_t5_0_model_3_lm0.4758_mut25_model_0.cif	run05/top48_plddt_boltz_pdbs/pdbs/rank025_cand0228_t5_0_model_3_lm0.4758_mut25.pdb	MSKGEELFTGVVPILVELDGDVNGHKFSVRGEGEGDATNGKLTLKFICTTGKLPVPWPTLVTTLTYGVQCFSRYPDHMKRHDFFKSAMPEGYVQERTISFKDDGTYKTRAEVKFEGDTLVNRIELKGINFKDDGRLAGIIKGPLTFSHNVYITADKQKNGIKANFKIRHNVEDGSVQLADHYQQNTPIGSGPVVTGEDHYLSTQSVLSNDPSKVDEHMVLLEFVTAAGITHGGMDELYK
26	run05_candidate_0389_run05_three_loop_inputs_run05_three_loop_t3_5_model_4_lm0.4612_mut24	239	0.8952071666717529	0.825789749622345	0.5481199026107788	0.9428	1.8	227.0	run05/output/boltz_results/boltz_results_boltz_yamls/predictions/run05_candidate_0389_run05_three_loop_inputs_run05_three_loop_t3_5_model_4_lm0.4612_mut24/run05_candidate_0389_run05_three_loop_inputs_run05_three_loop_t3_5_model_4_lm0.4612_mut24_model_0.cif	run05/top48_plddt_boltz_pdbs/pdbs/rank026_cand0389_t3_5_model_4_lm0.4612_mut24.pdb	MSKGEELFTGVVPILVELDGDVNGHKFSVRGEGEGDATNGKLTLKFICTTGKLPVPWPTLVTTLTYGVQCFSRYPDHMKRHDFFKSAMPEGYVQERTISFKDDGTYKTRAEVKFEGDTLVNRIELKGIDFKADGGVFAKKLTYTQGSHNVYITADKQKNGIKANFKIRHNVEDGSVQLADHYQQNTPIGSDSHLIGEDHYLSTQSVLSWDPATRDNHMVLLEFVTAAGITHGGMDELYK
27	run05_candidate_0176_run05_three_loop_inputs_run05_three_loop_t5_2_model_2_lm0.4814_mut21	239	0.8945435285568237	0.8291377425193787	0.5675144195556641	0.94478	1.53	227.0	run05/output/boltz_results/boltz_results_boltz_yamls/predictions/run05_candidate_0176_run05_three_loop_inputs_run05_three_loop_t5_2_model_2_lm0.4814_mut21/run05_candidate_0176_run05_three_loop_inputs_run05_three_loop_t5_2_model_2_lm0.4814_mut21_model_0.cif	run05/top48_plddt_boltz_pdbs/pdbs/rank027_cand0176_t5_2_model_2_lm0.4814_mut21.pdb	MSKGEELFTGVVPILVELDGDVNGHKFSVRGEGEGDATNGKLTLKFICTTGKLPVPWPTLVTTLTYGVQCFSRYPDHMKRHDFFKSAMPEGYVQERTISFKDDGTYKTRAEVKFEGDTLVNRIELKGIDFKEEGLKKGLGMKVTRGSHNVYITADKQKNGIKANFKIRHNVEDGSVQLADHYQQNTPIGKGPEIVGEDHYLSTQSVLSRDPSEKRDHMVLLEFVTAAGITHGGMDELYK
28	run05_candidate_0435_run05_three_loop_inputs_run05_three_loop_t2_6_model_3_lm0.4571_mut24	239	0.8940915465354919	0.8640106320381165	0.7436871528625488	0.94555	1.52	227.0	run05/output/boltz_results/boltz_results_boltz_yamls/predictions/run05_candidate_0435_run05_three_loop_inputs_run05_three_loop_t2_6_model_3_lm0.4571_mut24/run05_candidate_0435_run05_three_loop_inputs_run05_three_loop_t2_6_model_3_lm0.4571_mut24_model_0.cif	run05/top48_plddt_boltz_pdbs/pdbs/rank028_cand0435_t2_6_model_3_lm0.4571_mut24.pdb	MSKGEELFTGVVPILVELDGDVNGHKFSVRGEGEGDATNGKLTLKFICTTGKLPVPWPTLVTTLTYGVQCFSRYPDHMKRHDFFKSAMPEGYVQERTISFKDDGTYKTRAEVKFEGDTLVNRIELKGINMNFDRGLLADLAQTATASHNVYITADKQKNGIKANFKIRHNVEDGSVQLADHYQQNTPIGDKEVNIPDDHYLSTQSVLSRDPNDPRDHMVLLEFVTAAGITHGGMDELYK
29	run05_candidate_0867_run05_three_loop_inputs_run05_three_loop_t2_1_model_3_lm0.4283_mut28	239	0.8938829898834229	0.8878785967826843	0.8638612031936646	0.91433	1.83	221.0	run05/output/boltz_results/boltz_results_boltz_yamls/predictions/run05_candidate_0867_run05_three_loop_inputs_run05_three_loop_t2_1_model_3_lm0.4283_mut28/run05_candidate_0867_run05_three_loop_inputs_run05_three_loop_t2_1_model_3_lm0.4283_mut28_model_0.cif	run05/top48_plddt_boltz_pdbs/pdbs/rank029_cand0867_t2_1_model_3_lm0.4283_mut28.pdb	MSKGEELFTGVVPILVELDGDVNGHKFSVRGEGEGDATNGKLTLKFICTTGKLPVPWPTLVTTLTYGVQCFSRYPDHMKRHDFFKSAMPEGYVQERTISFKDDGTYKTRAEVKFEGDTLVNRIELKGINIHTSGGVYGRRDERATFSHNVYITADKQKNGIKANFKIRHNVEDGSVQLADHYQQNTPIGKGPDYPKNDHYLSTQSVLSCDPAKWDEHMVLLEFVTAAGITHGGMDELYK
30	run05_candidate_0689_run05_three_loop_inputs_run05_three_loop_t1_2_model_1_lm0.4411_mut26	239	0.8935219645500183	0.8734742403030396	0.7932831048965454	0.93896	1.86	227.0	run05/output/boltz_results/boltz_results_boltz_yamls/predictions/run05_candidate_0689_run05_three_loop_inputs_run05_three_loop_t1_2_model_1_lm0.4411_mut26/run05_candidate_0689_run05_three_loop_inputs_run05_three_loop_t1_2_model_1_lm0.4411_mut26_model_0.cif	run05/top48_plddt_boltz_pdbs/pdbs/rank030_cand0689_t1_2_model_1_lm0.4411_mut26.pdb	MSKGEELFTGVVPILVELDGDVNGHKFSVRGEGEGDATNGKLTLKFICTTGKLPVPWPTLVTTLTYGVQCFSRYPDHMKRHDFFKSAMPEGYVQERTISFKDDGTYKTRAEVKFEGDTLVNRIELKGINFPANGKMKNKNLTYTSGSHNVYITADKQKNGIKANFKIRHNVEDGSVQLADHYQQNTPIGKGGLLQENDHYLSTQSVLSWDPAKKDEHMVLLEFVTAAGITHGGMDELYK
31	run05_candidate_0214_run05_three_loop_inputs_run05_three_loop_t2_4_model_3_lm0.4769_mut26	239	0.8931525349617004	0.8645477294921875	0.7501283288002014	0.94373	1.41	226.0	run05/output/boltz_results/boltz_results_boltz_yamls/predictions/run05_candidate_0214_run05_three_loop_inputs_run05_three_loop_t2_4_model_3_lm0.4769_mut26/run05_candidate_0214_run05_three_loop_inputs_run05_three_loop_t2_4_model_3_lm0.4769_mut26_model_0.cif	run05/top48_plddt_boltz_pdbs/pdbs/rank031_cand0214_t2_4_model_3_lm0.4769_mut26.pdb	MSKGEELFTGVVPILVELDGDVNGHKFSVRGEGEGDATNGKLTLKFICTTGKLPVPWPTLVTTLTYGVQCFSRYPDHMKRHDFFKSAMPEGYVQERTISFKDDGTYKTRAEVKFEGDTLVNRIELKGINMTENSKIIGEEAAELSGSHNVYITADKQKNGIKANFKIRHNVEDGSVQLADHYQQNTPIGKGPDIVGEDHYLSTQSVLSRDPSEPEDHMVLLEFVTAAGITHGGMDELYK
32	run05_candidate_0200_run05_three_loop_inputs_run05_three_loop_t3_8_model_2_lm0.4786_mut23	239	0.8921493291854858	0.8633856177330017	0.74833083152771	0.94654	1.67	228.0	run05/output/boltz_results/boltz_results_boltz_yamls/predictions/run05_candidate_0200_run05_three_loop_inputs_run05_three_loop_t3_8_model_2_lm0.4786_mut23/run05_candidate_0200_run05_three_loop_inputs_run05_three_loop_t3_8_model_2_lm0.4786_mut23_model_0.cif	run05/top48_plddt_boltz_pdbs/pdbs/rank032_cand0200_t3_8_model_2_lm0.4786_mut23.pdb	MSKGEELFTGVVPILVELDGDVNGHKFSVRGEGEGDATNGKLTLKFICTTGKLPVPWPTLVTTLTYGVQCFSRYPDHMKRHDFFKSAMPEGYVQERTISFKDDGTYKTRAEVKFEGDTLVNRIELKGIDFKADGGVLAKRLVLEERSHNVYITADKQKNGIKANFKIRHNVEDGSVQLADHYQQNTPIGDKEVDISGDHYLSTQSVLSEDPAEAGRHMVLLEFVTAAGITHGGMDELYK
33	run05_candidate_0679_run05_three_loop_inputs_run05_three_loop_t2_7_model_2_lm0.4421_mut23	239	0.8920099139213562	0.8798012137413025	0.8309661746025085	0.92816	1.94	226.0	run05/output/boltz_results/boltz_results_boltz_yamls/predictions/run05_candidate_0679_run05_three_loop_inputs_run05_three_loop_t2_7_model_2_lm0.4421_mut23/run05_candidate_0679_run05_three_loop_inputs_run05_three_loop_t2_7_model_2_lm0.4421_mut23_model_0.cif	run05/top48_plddt_boltz_pdbs/pdbs/rank033_cand0679_t2_7_model_2_lm0.4421_mut23.pdb	MSKGEELFTGVVPILVELDGDVNGHKFSVRGEGEGDATNGKLTLKFICTTGKLPVPWPTLVTTLTYGVQCFSRYPDHMKRHDFFKSAMPEGYVQERTISFKDDGTYKTRAEVKFEGDTLVNRIELKGINFKPEGNTLPDKLPFTESSHNVYITADKQKNGIKANFKIRHNVEDGSVQLADHYQQNTPIGEKEADLPDDHYLSTQSVLSYDPAKAQEHMVLLEFVTAAGITHGGMDELYK
34	run05_candidate_0225_run05_three_loop_inputs_run05_three_loop_t5_0_model_3_lm0.4761_mut24	239	0.8919409513473511	0.8340334892272949	0.6024039387702942	0.93252	1.9	226.0	run05/output/boltz_results/boltz_results_boltz_yamls/predictions/run05_candidate_0225_run05_three_loop_inputs_run05_three_loop_t5_0_model_3_lm0.4761_mut24/run05_candidate_0225_run05_three_loop_inputs_run05_three_loop_t5_0_model_3_lm0.4761_mut24_model_0.cif	run05/top48_plddt_boltz_pdbs/pdbs/rank034_cand0225_t5_0_model_3_lm0.4761_mut24.pdb	MSKGEELFTGVVPILVELDGDVNGHKFSVRGEGEGDATNGKLTLKFICTTGKLPVPWPTLVTTLTYGVQCFSRYPDHMKRHDFFKSAMPEGYVQERTISFKDDGTYKTRAEVKFEGDTLVNRIELKGIDFKDDGRLAGLIKGPLTFSHNVYITADKQKNGIKANFKIRHNVEDGSVQLADHYQQNTPIGEGPVVTGEDHYLSTQSVLSNDPSKVDEHMVLLEFVTAAGITHGGMDELYK
35	run05_candidate_0742_run05_three_loop_inputs_run05_three_loop_t1_2_model_1_lm0.4388_mut25	239	0.8913888335227966	0.8902654647827148	0.8857722282409668	0.94974	1.58	228.0	run05/output/boltz_results/boltz_results_boltz_yamls/predictions/run05_candidate_0742_run05_three_loop_inputs_run05_three_loop_t1_2_model_1_lm0.4388_mut25/run05_candidate_0742_run05_three_loop_inputs_run05_three_loop_t1_2_model_1_lm0.4388_mut25_model_0.cif	run05/top48_plddt_boltz_pdbs/pdbs/rank035_cand0742_t1_2_model_1_lm0.4388_mut25.pdb	MSKGEELFTGVVPILVELDGDVNGHKFSVRGEGEGDATNGKLTLKFICTTGKLPVPWPTLVTTLTYGVQCFSRYPDHMKRHDFFKSAMPEGYVQERTISFKDDGTYKTRAEVKFEGDTLVNRIELKGINFPANGKMKNKNLTYTSSSHNVYITADKQKNGIKANFKIRHNVEDGSVQLADHYQQNTPIGKGGLLQENDHYLSTQSVLSWDPAEKDRHMVLLEFVTAAGITHGGMDELYK
36	run05_candidate_0720_run05_three_loop_inputs_run05_three_loop_t1_2_model_1_lm0.4401_mut26	239	0.8913260102272034	0.8903400301933289	0.886396050453186	0.93554	1.82	226.0	run05/output/boltz_results/boltz_results_boltz_yamls/predictions/run05_candidate_0720_run05_three_loop_inputs_run05_three_loop_t1_2_model_1_lm0.4401_mut26/run05_candidate_0720_run05_three_loop_inputs_run05_three_loop_t1_2_model_1_lm0.4401_mut26_model_0.cif	run05/top48_plddt_boltz_pdbs/pdbs/rank036_cand0720_t1_2_model_1_lm0.4401_mut26.pdb	MSKGEELFTGVVPILVELDGDVNGHKFSVRGEGEGDATNGKLTLKFICTTGKLPVPWPTLVTTLTYGVQCFSRYPDHMKRHDFFKSAMPEGYVQERTISFKDDGTYKTRAEVKFEGDTLVNRIELKGINFPKNGKMKNKNLTYTSSSHNVYITADKQKNGIKANFKIRHNVEDGSVQLADHYQQNTPLGKGGLLQENDHYLSTQSVLSWDPAEKDKHMVLLEFVTAAGITHGGMDELYK
37	run05_candidate_0376_run05_three_loop_inputs_run05_three_loop_t3_5_model_4_lm0.4621_mut22	239	0.8912925720214844	0.8870024085044861	0.8698413968086243	0.95048	1.61	228.0	run05/output/boltz_results/boltz_results_boltz_yamls/predictions/run05_candidate_0376_run05_three_loop_inputs_run05_three_loop_t3_5_model_4_lm0.4621_mut22/run05_candidate_0376_run05_three_loop_inputs_run05_three_loop_t3_5_model_4_lm0.4621_mut22_model_0.cif	run05/top48_plddt_boltz_pdbs/pdbs/rank037_cand0376_t3_5_model_4_lm0.4621_mut22.pdb	MSKGEELFTGVVPILVELDGDVNGHKFSVRGEGEGDATNGKLTLKFICTTGKLPVPWPTLVTTLTYGVQCFSRYPDHMKRHDFFKSAMPEGYVQERTISFKDDGTYKTRAEVKFEGDTLVNRIELKGIDFKEDGGVFAKKLTYTEGSHNVYITADKQKNGIKANFKIRHNVEDGSVQLADHYQQNTPIGTDSHLIGEDHYLSTQSVLSFDPARKDEHMVLLEFVTAAGITHGGMDELYK
38	run05_candidate_0367_run05_three_loop_inputs_run05_three_loop_t2_0_model_3_lm0.4625_mut27	239	0.8911464810371399	0.8878201842308044	0.8745148181915283	0.9324	1.79	225.0	run05/output/boltz_results/boltz_results_boltz_yamls/predictions/run05_candidate_0367_run05_three_loop_inputs_run05_three_loop_t2_0_model_3_lm0.4625_mut27/run05_candidate_0367_run05_three_loop_inputs_run05_three_loop_t2_0_model_3_lm0.4625_mut27_model_0.cif	run05/top48_plddt_boltz_pdbs/pdbs/rank038_cand0367_t2_0_model_3_lm0.4625_mut27.pdb	MSKGEELFTGVVPILVELDGDVNGHKFSVRGEGEGDATNGKLTLKFICTTGKLPVPWPTLVTTLTYGVQCFSRYPDHMKRHDFFKSAMPEGYVQERTISFKDDGTYKTRAEVKFEGDTLVNRIELKGIDIKERLRKLGRGMVSATFSHNVYITADKQKNGIKANFKIRHNVEDGSVQLADHYQQNTPIGNGNAVVGEDHYLSTQSVLSRDPAKRDEHMVLLEFVTAAGITHGGMDELYK
39	run05_candidate_0659_run05_three_loop_inputs_run05_three_loop_t2_7_model_2_lm0.4432_mut22	239	0.891099214553833	0.7950415015220642	0.41081011295318604	0.93049	2.03	228.0	run05/output/boltz_results/boltz_results_boltz_yamls/predictions/run05_candidate_0659_run05_three_loop_inputs_run05_three_loop_t2_7_model_2_lm0.4432_mut22/run05_candidate_0659_run05_three_loop_inputs_run05_three_loop_t2_7_model_2_lm0.4432_mut22_model_0.cif	run05/top48_plddt_boltz_pdbs/pdbs/rank039_cand0659_t2_7_model_2_lm0.4432_mut22.pdb	MSKGEELFTGVVPILVELDGDVNGHKFSVRGEGEGDATNGKLTLKFICTTGKLPVPWPTLVTTLTYGVQCFSRYPDHMKRHDFFKSAMPEGYVQERTISFKDDGTYKTRAEVKFEGDTLVNRIELKGINFKPEGNTLPDKLPFTESSHNVYITADKQKNGIKANFKIRHNVEDGSVQLADHYQQNTPIGDKEANLPDDHYLSTQSVLSYDPAKAQEHMVLLEFVTAAGITHGGMDELYK
40	run05_candidate_0691_run05_three_loop_inputs_run05_three_loop_t3_0_model_0_lm0.4410_mut25	239	0.8909696340560913	0.782416045665741	0.34820178151130676	0.93156	1.76	225.0	run05/output/boltz_results/boltz_results_boltz_yamls/predictions/run05_candidate_0691_run05_three_loop_inputs_run05_three_loop_t3_0_model_0_lm0.4410_mut25/run05_candidate_0691_run05_three_loop_inputs_run05_three_loop_t3_0_model_0_lm0.4410_mut25_model_0.cif	run05/top48_plddt_boltz_pdbs/pdbs/rank040_cand0691_t3_0_model_0_lm0.4410_mut25.pdb	MSKGEELFTGVVPILVELDGDVNGHKFSVRGEGEGDATNGKLTLKFICTTGKLPVPWPTLVTTLTYGVQCFSRYPDHMKRHDFFKSAMPEGYVQERTISFKDDGTYKTRAEVKFEGDTLVNRIELKGINFKPDGAKLARAERIDFPSHNVYITADKQKNGIKANFKIRHNVEDGSVQLADHYQQNTPIGSREVPLSGDHYLSTQSVLSFDPDKMDEHMVLLEFVTAAGITHGGMDELYK
41	run05_candidate_0112_run05_three_loop_inputs_run05_three_loop_t2_4_model_1_lm0.4897_mut29	239	0.8905355930328369	0.8087494969367981	0.48160526156425476	0.92622	2.09	226.0	run05/output/boltz_results/boltz_results_boltz_yamls/predictions/run05_candidate_0112_run05_three_loop_inputs_run05_three_loop_t2_4_model_1_lm0.4897_mut29/run05_candidate_0112_run05_three_loop_inputs_run05_three_loop_t2_4_model_1_lm0.4897_mut29_model_0.cif	run05/top48_plddt_boltz_pdbs/pdbs/rank041_cand0112_t2_4_model_1_lm0.4897_mut29.pdb	MSKGEELFTGVVPILVELDGDVNGHKFSVRGEGEGDATNGKLTLKFICTTGKLPVPWPTLVTTLTYGVQCFSRYPDHMKRHDFFKSAMPEGYVQERTISFKDDGTYKTRAEVKFEGDTLVNRIELKGINFKPEALKLGGDVSFQPEPHNVYITADKQKNGIKANFKIRHNVEDGSVQLADHYQQNTPIGNNHALAGEDHYLSTQSVLSYDPSKREEHMVLLEFVTAAGITHGGMDELYK
42	run05_candidate_0455_run05_three_loop_inputs_run05_three_loop_t3_8_model_1_lm0.4561_mut19	239	0.8892911672592163	0.8294210433959961	0.5899403691291809	0.95135	1.67	228.0	run05/output/boltz_results/boltz_results_boltz_yamls/predictions/run05_candidate_0455_run05_three_loop_inputs_run05_three_loop_t3_8_model_1_lm0.4561_mut19/run05_candidate_0455_run05_three_loop_inputs_run05_three_loop_t3_8_model_1_lm0.4561_mut19_model_0.cif	run05/top48_plddt_boltz_pdbs/pdbs/rank042_cand0455_t3_8_model_1_lm0.4561_mut19.pdb	MSKGEELFTGVVPILVELDGDVNGHKFSVRGEGEGDATNGKLTLKFICTTGKLPVPWPTLVTTLTYGVQCFSRYPDHMKRHDFFKSAMPEGYVQERTISFKDDGTYKTRAEVKFEGDTLVNRIELKGIDFKEDGGVLGKKLVYTEGSHNVYITADKQKNGIKANFKIRHNVEDGSVQLADHYQQNTPIGEREAVLPDDHYLSTQSVLSRDPDKEDEHMVLLEFVTAAGITHGGMDELYK
43	run05_candidate_0722_run05_three_loop_inputs_run05_three_loop_t5_7_model_2_lm0.4395_mut28	239	0.8886817097663879	0.8330097198486328	0.6103215217590332	0.93482	1.87	226.0	run05/output/boltz_results/boltz_results_boltz_yamls/predictions/run05_candidate_0722_run05_three_loop_inputs_run05_three_loop_t5_7_model_2_lm0.4395_mut28/run05_candidate_0722_run05_three_loop_inputs_run05_three_loop_t5_7_model_2_lm0.4395_mut28_model_0.cif	run05/top48_plddt_boltz_pdbs/pdbs/rank043_cand0722_t5_7_model_2_lm0.4395_mut28.pdb	MSKGEELFTGVVPILVELDGDVNGHKFSVRGEGEGDATNGKLTLKFICTTGKLPVPWPTLVTTLTYGVQCFSRYPDHMKRHDFFKSAMPEGYVQERTISFKDDGTYKTRAEVKFEGDTLVNRIELKGIDFDIDKLRNGISLSVTTSSHNVYITADKQKNGIKANFKIRHNVEDGSVQLADHYQQNTPLGSSGVVVGEDHYLSTQSVLSWDPAKRDEHMVLLEFVTAAGITHGGMDELYK
44	run05_candidate_0037_run05_three_loop_inputs_run05_three_loop_t2_3_model_4_lm0.4972_mut20	239	0.8885255455970764	0.8868786692619324	0.8802911043167114	0.96494	1.45	228.0	run05/output/boltz_results/boltz_results_boltz_yamls/predictions/run05_candidate_0037_run05_three_loop_inputs_run05_three_loop_t2_3_model_4_lm0.4972_mut20/run05_candidate_0037_run05_three_loop_inputs_run05_three_loop_t2_3_model_4_lm0.4972_mut20_model_0.cif	run05/top48_plddt_boltz_pdbs/pdbs/rank044_cand0037_t2_3_model_4_lm0.4972_mut20.pdb	MSKGEELFTGVVPILVELDGDVNGHKFSVRGEGEGDATNGKLTLKFICTTGKLPVPWPTLVTTLTYGVQCFSRYPDHMKRHDFFKSAMPEGYVQERTISFKDDGTYKTRAEVKFEGDTLVNRIELKGINFKADGGVLGKTLKYEEMSHNVYITADKQKNGIKANFKIRHNVEDGSVQLADHYQQNTPIGSGPAELPGDHYLSTQSVLSYDPDKKDEHMVLLEFVTAAGITHGGMDELYK
45	run05_candidate_0158_run05_three_loop_inputs_run05_three_loop_t3_1_model_2_lm0.4826_mut25	239	0.888211190700531	0.7742873430252075	0.3185919523239136	0.94576	1.62	228.0	run05/output/boltz_results/boltz_results_boltz_yamls/predictions/run05_candidate_0158_run05_three_loop_inputs_run05_three_loop_t3_1_model_2_lm0.4826_mut25/run05_candidate_0158_run05_three_loop_inputs_run05_three_loop_t3_1_model_2_lm0.4826_mut25_model_0.cif	run05/top48_plddt_boltz_pdbs/pdbs/rank045_cand0158_t3_1_model_2_lm0.4826_mut25.pdb	MSKGEELFTGVVPILVELDGDVNGHKFSVRGEGEGDATNGKLTLKFICTTGKLPVPWPTLVTTLTYGVQCFSRYPDHMKRHDFFKSAMPEGYVQERTISFKDDGTYKTRAEVKFEGDTLVNRIELKGINFKEDGGINKIVQGPLTSSHNVYITADKQKNGIKANFKIRHNVEDGSVQLADHYQQNTPLGNGGHLVGEDHYLSTQSVLSRDPAEADTHMVLLEFVTAAGITHGGMDELYK
46	run05_candidate_0209_run05_three_loop_inputs_run05_three_loop_t5_0_model_3_lm0.4780_mut24	239	0.886939525604248	0.8272981643676758	0.5887325406074524	0.93529	1.76	226.0	run05/output/boltz_results/boltz_results_boltz_yamls/predictions/run05_candidate_0209_run05_three_loop_inputs_run05_three_loop_t5_0_model_3_lm0.4780_mut24/run05_candidate_0209_run05_three_loop_inputs_run05_three_loop_t5_0_model_3_lm0.4780_mut24_model_0.cif	run05/top48_plddt_boltz_pdbs/pdbs/rank046_cand0209_t5_0_model_3_lm0.4780_mut24.pdb	MSKGEELFTGVVPILVELDGDVNGHKFSVRGEGEGDATNGKLTLKFICTTGKLPVPWPTLVTTLTYGVQCFSRYPDHMKRHDFFKSAMPEGYVQERTISFKDDGTYKTRAEVKFEGDTLVNRIELKGIDFKDDGRLAGLIKGPLTFSHNVYITADKQKNGIKANFKIRHNVEDGSVQLADHYQQNTPIGSGPVVTGEDHYLSTQSVLSNDPDKIDEHMVLLEFVTAAGITHGGMDELYK
47	run05_candidate_0561_run05_three_loop_inputs_run05_three_loop_t1_2_model_3_lm0.4491_mut23	239	0.8863734602928162	0.8485307097434998	0.6971597075462341	0.93312	1.9	227.0	run05/output/boltz_results/boltz_results_boltz_yamls/predictions/run05_candidate_0561_run05_three_loop_inputs_run05_three_loop_t1_2_model_3_lm0.4491_mut23/run05_candidate_0561_run05_three_loop_inputs_run05_three_loop_t1_2_model_3_lm0.4491_mut23_model_0.cif	run05/top48_plddt_boltz_pdbs/pdbs/rank047_cand0561_t1_2_model_3_lm0.4491_mut23.pdb	MSKGEELFTGVVPILVELDGDVNGHKFSVRGEGEGDATNGKLTLKFICTTGKLPVPWPTLVTTLTYGVQCFSRYPDHMKRHDFFKSAMPEGYVQERTISFKDDGTYKTRAEVKFEGDTLVNRIELKGIDFKKDGKKIGDSVFDSITSHNVYITADKQKNGIKANFKIRHNVEDGSVQLADHYQQNTPIGNKPHLAGDDHYLSTQSVLSRDPAKKNEHMVLLEFVTAAGITHGGMDELYK
48	run05_candidate_0325_run05_three_loop_inputs_run05_three_loop_t2_0_model_3_lm0.4655_mut28	239	0.8857617974281311	0.8043510317802429	0.4787082076072693	0.92971	1.89	226.0	run05/output/boltz_results/boltz_results_boltz_yamls/predictions/run05_candidate_0325_run05_three_loop_inputs_run05_three_loop_t2_0_model_3_lm0.4655_mut28/run05_candidate_0325_run05_three_loop_inputs_run05_three_loop_t2_0_model_3_lm0.4655_mut28_model_0.cif	run05/top48_plddt_boltz_pdbs/pdbs/rank048_cand0325_t2_0_model_3_lm0.4655_mut28.pdb	MSKGEELFTGVVPILVELDGDVNGHKFSVRGEGEGDATNGKLTLKFICTTGKLPVPWPTLVTTLTYGVQCFSRYPDHMKRHDFFKSAMPEGYVQERTISFKDDGTYKTRAEVKFEGDTLVNRIELKGINIKERLRKLGRTMVEATFSHNVYITADKQKNGIKANFKIRHNVEDGSVQLADHYQQNTPIGNGNAVVGEDHYLSTQSVLSRDPAKRDEHMVLLEFVTAAGITHGGMDELYK
