name,confidence,ptm,plddt,tm1,tm2,rmsd,aligned,pdb
run05_candidate_0152_run05_three_loop_inputs_run05_three_loop_t5_2_model_2_lm0.4833_mut21,0.8268033266067505,0.5490398406982422,0.8962441086769104,0.92303,0.96648,1.24,228.0,run05/output/boltz_results/boltz_results_boltz_yamls/predictions/run05_candidate_0152_run05_three_loop_inputs_run05_three_loop_t5_2_model_2_lm0.4833_mut21/run05_candidate_0152_run05_three_loop_inputs_run05_three_loop_t5_2_model_2_lm0.4833_mut21_model_0.cif
run05_candidate_0037_run05_three_loop_inputs_run05_three_loop_t2_3_model_4_lm0.4972_mut20,0.8868786692619324,0.8802911043167114,0.8885255455970764,0.92147,0.96494,1.45,228.0,run05/output/boltz_results/boltz_results_boltz_yamls/predictions/run05_candidate_0037_run05_three_loop_inputs_run05_three_loop_t2_3_model_4_lm0.4972_mut20/run05_candidate_0037_run05_three_loop_inputs_run05_three_loop_t2_3_model_4_lm0.4972_mut20_model_0.cif
run05_candidate_0173_run05_three_loop_inputs_run05_three_loop_t5_2_model_2_lm0.4818_mut23,0.8032193183898926,0.4897821247577667,0.8815786242485046,0.92005,0.96354,1.14,226.0,run05/output/boltz_results/boltz_results_boltz_yamls/predictions/run05_candidate_0173_run05_three_loop_inputs_run05_three_loop_t5_2_model_2_lm0.4818_mut23/run05_candidate_0173_run05_three_loop_inputs_run05_three_loop_t5_2_model_2_lm0.4818_mut23_model_0.cif
run05_candidate_0321_run05_three_loop_inputs_run05_three_loop_t2_1_model_4_lm0.4658_mut21,0.6658993363380432,0.3294403553009033,0.7500141859054565,0.91824,0.96133,1.33,228.0,run05/output/boltz_results/boltz_results_boltz_yamls/predictions/run05_candidate_0321_run05_three_loop_inputs_run05_three_loop_t2_1_model_4_lm0.4658_mut21/run05_candidate_0321_run05_three_loop_inputs_run05_three_loop_t2_1_model_4_lm0.4658_mut21_model_0.cif
run05_candidate_0353_run05_three_loop_inputs_run05_three_loop_t2_1_model_4_lm0.4635_mut22,0.8584762811660767,0.8602745532989502,0.8580267429351807,0.91731,0.96028,1.32,228.0,run05/output/boltz_results/boltz_results_boltz_yamls/predictions/run05_candidate_0353_run05_three_loop_inputs_run05_three_loop_t2_1_model_4_lm0.4635_mut22/run05_candidate_0353_run05_three_loop_inputs_run05_three_loop_t2_1_model_4_lm0.4635_mut22_model_0.cif
run05_candidate_0311_run05_three_loop_inputs_run05_three_loop_t2_1_model_4_lm0.4661_mut22,0.7089244723320007,0.4544983208179474,0.7725310325622559,0.91637,0.95923,1.35,228.0,run05/output/boltz_results/boltz_results_boltz_yamls/predictions/run05_candidate_0311_run05_three_loop_inputs_run05_three_loop_t2_1_model_4_lm0.4661_mut22/run05_candidate_0311_run05_three_loop_inputs_run05_three_loop_t2_1_model_4_lm0.4661_mut22_model_0.cif
run05_candidate_0120_run05_three_loop_inputs_run05_three_loop_t1_5_model_2_lm0.4891_mut19,0.8507756590843201,0.8789868950843811,0.843722939491272,0.91633,0.95916,1.31,228.0,run05/output/boltz_results/boltz_results_boltz_yamls/predictions/run05_candidate_0120_run05_three_loop_inputs_run05_three_loop_t1_5_model_2_lm0.4891_mut19/run05_candidate_0120_run05_three_loop_inputs_run05_three_loop_t1_5_model_2_lm0.4891_mut19_model_0.cif
run05_candidate_0335_run05_three_loop_inputs_run05_three_loop_t2_1_model_4_lm0.4647_mut23,0.7346341609954834,0.4320746958255768,0.8102738857269287,0.91596,0.95899,1.31,227.0,run05/output/boltz_results/boltz_results_boltz_yamls/predictions/run05_candidate_0335_run05_three_loop_inputs_run05_three_loop_t2_1_model_4_lm0.4647_mut23/run05_candidate_0335_run05_three_loop_inputs_run05_three_loop_t2_1_model_4_lm0.4647_mut23_model_0.cif
run05_candidate_0163_run05_three_loop_inputs_run05_three_loop_t5_2_model_2_lm0.4825_mut21,0.7761055827140808,0.43488261103630066,0.8614113926887512,0.91568,0.95864,1.48,228.0,run05/output/boltz_results/boltz_results_boltz_yamls/predictions/run05_candidate_0163_run05_three_loop_inputs_run05_three_loop_t5_2_model_2_lm0.4825_mut21/run05_candidate_0163_run05_three_loop_inputs_run05_three_loop_t5_2_model_2_lm0.4825_mut21_model_0.cif
run05_candidate_0830_run05_three_loop_inputs_run05_three_loop_t3_1_model_3_lm0.4336_mut23,0.8215898871421814,0.7313544154167175,0.8441487550735474,0.91441,0.95736,1.18,226.0,run05/output/boltz_results/boltz_results_boltz_yamls/predictions/run05_candidate_0830_run05_three_loop_inputs_run05_three_loop_t3_1_model_3_lm0.4336_mut23/run05_candidate_0830_run05_three_loop_inputs_run05_three_loop_t3_1_model_3_lm0.4336_mut23_model_0.cif
run05_candidate_0219_run05_three_loop_inputs_run05_three_loop_t5_1_model_1_lm0.4766_mut24,0.8814390301704407,0.8749772310256958,0.8830545544624329,0.9145,0.95729,1.24,227.0,run05/output/boltz_results/boltz_results_boltz_yamls/predictions/run05_candidate_0219_run05_three_loop_inputs_run05_three_loop_t5_1_model_1_lm0.4766_mut24/run05_candidate_0219_run05_three_loop_inputs_run05_three_loop_t5_1_model_1_lm0.4766_mut24_model_0.cif
run05_candidate_0026_run05_three_loop_inputs_run05_three_loop_t2_3_model_4_lm0.4990_mut20,0.8265676498413086,0.6004226207733154,0.8831038475036621,0.91395,0.95678,1.55,228.0,run05/output/boltz_results/boltz_results_boltz_yamls/predictions/run05_candidate_0026_run05_three_loop_inputs_run05_three_loop_t2_3_model_4_lm0.4990_mut20/run05_candidate_0026_run05_three_loop_inputs_run05_three_loop_t2_3_model_4_lm0.4990_mut20_model_0.cif
run05_candidate_0137_run05_three_loop_inputs_run05_three_loop_t3_3_model_2_lm0.4845_mut25,0.7520768046379089,0.37800097465515137,0.84559565782547,0.91308,0.95595,1.22,226.0,run05/output/boltz_results/boltz_results_boltz_yamls/predictions/run05_candidate_0137_run05_three_loop_inputs_run05_three_loop_t3_3_model_2_lm0.4845_mut25/run05_candidate_0137_run05_three_loop_inputs_run05_three_loop_t3_3_model_2_lm0.4845_mut25_model_0.cif
run05_candidate_0307_run05_three_loop_inputs_run05_three_loop_t2_1_model_4_lm0.4664_mut22,0.6497246623039246,0.34527358412742615,0.7258374691009521,0.91304,0.9558,1.38,227.0,run05/output/boltz_results/boltz_results_boltz_yamls/predictions/run05_candidate_0307_run05_three_loop_inputs_run05_three_loop_t2_1_model_4_lm0.4664_mut22/run05_candidate_0307_run05_three_loop_inputs_run05_three_loop_t2_1_model_4_lm0.4664_mut22_model_0.cif
run05_candidate_0459_run05_three_loop_inputs_run05_three_loop_t2_6_model_3_lm0.4560_mut23,0.7492627501487732,0.3656323552131653,0.8451703786849976,0.91284,0.95564,1.38,227.0,run05/output/boltz_results/boltz_results_boltz_yamls/predictions/run05_candidate_0459_run05_three_loop_inputs_run05_three_loop_t2_6_model_3_lm0.4560_mut23/run05_candidate_0459_run05_three_loop_inputs_run05_three_loop_t2_6_model_3_lm0.4560_mut23_model_0.cif
run05_candidate_0196_run05_three_loop_inputs_run05_three_loop_t5_1_model_1_lm0.4789_mut23,0.8887656331062317,0.8298022150993347,0.9035065174102783,0.9128,0.95552,1.34,227.0,run05/output/boltz_results/boltz_results_boltz_yamls/predictions/run05_candidate_0196_run05_three_loop_inputs_run05_three_loop_t5_1_model_1_lm0.4789_mut23/run05_candidate_0196_run05_three_loop_inputs_run05_three_loop_t5_1_model_1_lm0.4789_mut23_model_0.cif
run05_candidate_0387_run05_three_loop_inputs_run05_three_loop_t3_5_model_4_lm0.4613_mut22,0.8644850850105286,0.7072619795799255,0.9037907719612122,0.91265,0.95544,1.6,228.0,run05/output/boltz_results/boltz_results_boltz_yamls/predictions/run05_candidate_0387_run05_three_loop_inputs_run05_three_loop_t3_5_model_4_lm0.4613_mut22/run05_candidate_0387_run05_three_loop_inputs_run05_three_loop_t3_5_model_4_lm0.4613_mut22_model_0.cif
run05_candidate_0285_run05_three_loop_inputs_run05_three_loop_t2_1_model_4_lm0.4680_mut23,0.6652190089225769,0.3324580490589142,0.7484092712402344,0.91251,0.95514,1.46,228.0,run05/output/boltz_results/boltz_results_boltz_yamls/predictions/run05_candidate_0285_run05_three_loop_inputs_run05_three_loop_t2_1_model_4_lm0.4680_mut23/run05_candidate_0285_run05_three_loop_inputs_run05_three_loop_t2_1_model_4_lm0.4680_mut23_model_0.cif
run05_candidate_0051_run05_three_loop_inputs_run05_three_loop_t3_5_model_0_lm0.4958_mut23,0.7985008358955383,0.584992527961731,0.8518778681755066,0.91205,0.95473,1.56,228.0,run05/output/boltz_results/boltz_results_boltz_yamls/predictions/run05_candidate_0051_run05_three_loop_inputs_run05_three_loop_t3_5_model_0_lm0.4958_mut23/run05_candidate_0051_run05_three_loop_inputs_run05_three_loop_t3_5_model_0_lm0.4958_mut23_model_0.cif
run05_candidate_0030_run05_three_loop_inputs_run05_three_loop_t2_3_model_4_lm0.4980_mut21,0.7481033802032471,0.42482760548591614,0.8289222717285156,0.91188,0.95457,1.58,228.0,run05/output/boltz_results/boltz_results_boltz_yamls/predictions/run05_candidate_0030_run05_three_loop_inputs_run05_three_loop_t2_3_model_4_lm0.4980_mut21/run05_candidate_0030_run05_three_loop_inputs_run05_three_loop_t2_3_model_4_lm0.4980_mut21_model_0.cif
run05_candidate_0274_run05_three_loop_inputs_run05_three_loop_t2_1_model_4_lm0.4689_mut22,0.6735274791717529,0.3002794682979584,0.7668395638465881,0.91191,0.95455,1.36,227.0,run05/output/boltz_results/boltz_results_boltz_yamls/predictions/run05_candidate_0274_run05_three_loop_inputs_run05_three_loop_t2_1_model_4_lm0.4689_mut22/run05_candidate_0274_run05_three_loop_inputs_run05_three_loop_t2_1_model_4_lm0.4689_mut22_model_0.cif
run05_candidate_0483_run05_three_loop_inputs_run05_three_loop_t2_1_model_2_lm0.4551_mut22,0.8260464072227478,0.6605950593948364,0.8674092888832092,0.91196,0.95454,1.47,228.0,run05/output/boltz_results/boltz_results_boltz_yamls/predictions/run05_candidate_0483_run05_three_loop_inputs_run05_three_loop_t2_1_model_2_lm0.4551_mut22/run05_candidate_0483_run05_three_loop_inputs_run05_three_loop_t2_1_model_2_lm0.4551_mut22_model_0.cif
run05_candidate_0127_run05_three_loop_inputs_run05_three_loop_t1_5_model_2_lm0.4877_mut18,0.7765041589736938,0.5779164433479309,0.8261511921882629,0.91201,0.95453,1.42,228.0,run05/output/boltz_results/boltz_results_boltz_yamls/predictions/run05_candidate_0127_run05_three_loop_inputs_run05_three_loop_t1_5_model_2_lm0.4877_mut18/run05_candidate_0127_run05_three_loop_inputs_run05_three_loop_t1_5_model_2_lm0.4877_mut18_model_0.cif
run05_candidate_0688_run05_three_loop_inputs_run05_three_loop_t2_7_model_0_lm0.4411_mut27,0.7552188038825989,0.5459171533584595,0.8075442910194397,0.91179,0.9545,1.26,226.0,run05/output/boltz_results/boltz_results_boltz_yamls/predictions/run05_candidate_0688_run05_three_loop_inputs_run05_three_loop_t2_7_model_0_lm0.4411_mut27/run05_candidate_0688_run05_three_loop_inputs_run05_three_loop_t2_7_model_0_lm0.4411_mut27_model_0.cif
run05_candidate_0024_run05_three_loop_inputs_run05_three_loop_t2_3_model_4_lm0.4996_mut19,0.8391624689102173,0.7651269435882568,0.8576712608337402,0.91127,0.95396,1.63,228.0,run05/output/boltz_results/boltz_results_boltz_yamls/predictions/run05_candidate_0024_run05_three_loop_inputs_run05_three_loop_t2_3_model_4_lm0.4996_mut19/run05_candidate_0024_run05_three_loop_inputs_run05_three_loop_t2_3_model_4_lm0.4996_mut19_model_0.cif
run05_candidate_0415_run05_three_loop_inputs_run05_three_loop_t3_8_model_1_lm0.4584_mut21,0.849233090877533,0.640197217464447,0.9014920592308044,0.91123,0.95389,1.43,227.0,run05/output/boltz_results/boltz_results_boltz_yamls/predictions/run05_candidate_0415_run05_three_loop_inputs_run05_three_loop_t3_8_model_1_lm0.4584_mut21/run05_candidate_0415_run05_three_loop_inputs_run05_three_loop_t3_8_model_1_lm0.4584_mut21_model_0.cif
run05_candidate_0301_run05_three_loop_inputs_run05_three_loop_t2_1_model_4_lm0.4668_mut22,0.7083258032798767,0.4054766595363617,0.7840380668640137,0.91089,0.95346,1.36,227.0,run05/output/boltz_results/boltz_results_boltz_yamls/predictions/run05_candidate_0301_run05_three_loop_inputs_run05_three_loop_t2_1_model_4_lm0.4668_mut22/run05_candidate_0301_run05_three_loop_inputs_run05_three_loop_t2_1_model_4_lm0.4668_mut22_model_0.cif
run05_candidate_0697_run05_three_loop_inputs_run05_three_loop_t1_6_model_3_lm0.4407_mut29,0.7947478294372559,0.8470851182937622,0.7816634774208069,0.91073,0.95339,1.28,226.0,run05/output/boltz_results/boltz_results_boltz_yamls/predictions/run05_candidate_0697_run05_three_loop_inputs_run05_three_loop_t1_6_model_3_lm0.4407_mut29/run05_candidate_0697_run05_three_loop_inputs_run05_three_loop_t1_6_model_3_lm0.4407_mut29_model_0.cif
run05_candidate_0824_run05_three_loop_inputs_run05_three_loop_t3_1_model_3_lm0.4338_mut24,0.755458652973175,0.4680340886116028,0.8273147940635681,0.91074,0.95334,1.24,226.0,run05/output/boltz_results/boltz_results_boltz_yamls/predictions/run05_candidate_0824_run05_three_loop_inputs_run05_three_loop_t3_1_model_3_lm0.4338_mut24/run05_candidate_0824_run05_three_loop_inputs_run05_three_loop_t3_1_model_3_lm0.4338_mut24_model_0.cif
run05_candidate_0340_run05_three_loop_inputs_run05_three_loop_t2_1_model_4_lm0.4644_mut21,0.6480292081832886,0.29598116874694824,0.7360411882400513,0.91057,0.95314,1.44,227.0,run05/output/boltz_results/boltz_results_boltz_yamls/predictions/run05_candidate_0340_run05_three_loop_inputs_run05_three_loop_t2_1_model_4_lm0.4644_mut21/run05_candidate_0340_run05_three_loop_inputs_run05_three_loop_t2_1_model_4_lm0.4644_mut21_model_0.cif
run05_candidate_0022_run05_three_loop_inputs_run05_three_loop_t2_3_model_4_lm0.5000_mut20,0.7552396655082703,0.4564679265022278,0.8299326300621033,0.9103,0.9528,1.58,228.0,run05/output/boltz_results/boltz_results_boltz_yamls/predictions/run05_candidate_0022_run05_three_loop_inputs_run05_three_loop_t2_3_model_4_lm0.5000_mut20/run05_candidate_0022_run05_three_loop_inputs_run05_three_loop_t2_3_model_4_lm0.5000_mut20_model_0.cif
run05_candidate_0470_run05_three_loop_inputs_run05_three_loop_t2_6_model_3_lm0.4555_mut24,0.8500482439994812,0.8384237885475159,0.8529543280601501,0.90991,0.95249,1.28,226.0,run05/output/boltz_results/boltz_results_boltz_yamls/predictions/run05_candidate_0470_run05_three_loop_inputs_run05_three_loop_t2_6_model_3_lm0.4555_mut24/run05_candidate_0470_run05_three_loop_inputs_run05_three_loop_t2_6_model_3_lm0.4555_mut24_model_0.cif
run05_candidate_0685_run05_three_loop_inputs_run05_three_loop_t1_6_model_3_lm0.4413_mut30,0.6894784569740295,0.4041302800178528,0.7608155012130737,0.90973,0.95234,1.55,227.0,run05/output/boltz_results/boltz_results_boltz_yamls/predictions/run05_candidate_0685_run05_three_loop_inputs_run05_three_loop_t1_6_model_3_lm0.4413_mut30/run05_candidate_0685_run05_three_loop_inputs_run05_three_loop_t1_6_model_3_lm0.4413_mut30_model_0.cif
run05_candidate_0192_run05_three_loop_inputs_run05_three_loop_t5_1_model_1_lm0.4792_mut24,0.8553309440612793,0.7973788380622864,0.869818925857544,0.90967,0.95209,1.34,227.0,run05/output/boltz_results/boltz_results_boltz_yamls/predictions/run05_candidate_0192_run05_three_loop_inputs_run05_three_loop_t5_1_model_1_lm0.4792_mut24/run05_candidate_0192_run05_three_loop_inputs_run05_three_loop_t5_1_model_1_lm0.4792_mut24_model_0.cif
run05_candidate_0129_run05_three_loop_inputs_run05_three_loop_t1_5_model_2_lm0.4869_mut21,0.8063467144966125,0.5179958343505859,0.878434419631958,0.90973,0.95204,1.45,228.0,run05/output/boltz_results/boltz_results_boltz_yamls/predictions/run05_candidate_0129_run05_three_loop_inputs_run05_three_loop_t1_5_model_2_lm0.4869_mut21/run05_candidate_0129_run05_three_loop_inputs_run05_three_loop_t1_5_model_2_lm0.4869_mut21_model_0.cif
run05_candidate_0891_run05_three_loop_inputs_run05_three_loop_t5_0_model_4_lm0.4241_mut24,0.7780916094779968,0.6548153758049011,0.808910608291626,0.90941,0.95194,1.47,227.0,run05/output/boltz_results/boltz_results_boltz_yamls/predictions/run05_candidate_0891_run05_three_loop_inputs_run05_three_loop_t5_0_model_4_lm0.4241_mut24/run05_candidate_0891_run05_three_loop_inputs_run05_three_loop_t5_0_model_4_lm0.4241_mut24_model_0.cif
run05_candidate_0036_run05_three_loop_inputs_run05_three_loop_t1_5_model_2_lm0.4973_mut19,0.7283719778060913,0.31539830565452576,0.8316154479980469,0.9093,0.95183,1.28,226.0,run05/output/boltz_results/boltz_results_boltz_yamls/predictions/run05_candidate_0036_run05_three_loop_inputs_run05_three_loop_t1_5_model_2_lm0.4973_mut19/run05_candidate_0036_run05_three_loop_inputs_run05_three_loop_t1_5_model_2_lm0.4973_mut19_model_0.cif
run05_candidate_0035_run05_three_loop_inputs_run05_three_loop_t2_3_model_4_lm0.4974_mut20,0.8052865862846375,0.7022546529769897,0.831044614315033,0.90939,0.95177,1.55,228.0,run05/output/boltz_results/boltz_results_boltz_yamls/predictions/run05_candidate_0035_run05_three_loop_inputs_run05_three_loop_t2_3_model_4_lm0.4974_mut20/run05_candidate_0035_run05_three_loop_inputs_run05_three_loop_t2_3_model_4_lm0.4974_mut20_model_0.cif
run05_candidate_0308_run05_three_loop_inputs_run05_three_loop_t3_0_model_1_lm0.4664_mut22,0.8468432426452637,0.759088933467865,0.8687818050384521,0.90926,0.95172,1.62,228.0,run05/output/boltz_results/boltz_results_boltz_yamls/predictions/run05_candidate_0308_run05_three_loop_inputs_run05_three_loop_t3_0_model_1_lm0.4664_mut22/run05_candidate_0308_run05_three_loop_inputs_run05_three_loop_t3_0_model_1_lm0.4664_mut22_model_0.cif
run05_candidate_0216_run05_three_loop_inputs_run05_three_loop_t2_4_model_3_lm0.4768_mut24,0.7774370312690735,0.5550159811973572,0.833042323589325,0.90933,0.95166,1.49,228.0,run05/output/boltz_results/boltz_results_boltz_yamls/predictions/run05_candidate_0216_run05_three_loop_inputs_run05_three_loop_t2_4_model_3_lm0.4768_mut24/run05_candidate_0216_run05_three_loop_inputs_run05_three_loop_t2_4_model_3_lm0.4768_mut24_model_0.cif
run05_candidate_0474_run05_three_loop_inputs_run05_three_loop_t3_8_model_1_lm0.4554_mut20,0.7916874289512634,0.4435170292854309,0.878730058670044,0.90919,0.95164,1.6,228.0,run05/output/boltz_results/boltz_results_boltz_yamls/predictions/run05_candidate_0474_run05_three_loop_inputs_run05_three_loop_t3_8_model_1_lm0.4554_mut20/run05_candidate_0474_run05_three_loop_inputs_run05_three_loop_t3_8_model_1_lm0.4554_mut20_model_0.cif
run05_candidate_0226_run05_three_loop_inputs_run05_three_loop_t2_4_model_3_lm0.4760_mut25,0.8436649441719055,0.6809265613555908,0.8843494653701782,0.90891,0.95155,1.49,226.0,run05/output/boltz_results/boltz_results_boltz_yamls/predictions/run05_candidate_0226_run05_three_loop_inputs_run05_three_loop_t2_4_model_3_lm0.4760_mut25/run05_candidate_0226_run05_three_loop_inputs_run05_three_loop_t2_4_model_3_lm0.4760_mut25_model_0.cif
run05_candidate_0847_run05_three_loop_inputs_run05_three_loop_t3_1_model_3_lm0.4318_mut23,0.8157866597175598,0.6133803725242615,0.8663882613182068,0.90895,0.95143,1.3,226.0,run05/output/boltz_results/boltz_results_boltz_yamls/predictions/run05_candidate_0847_run05_three_loop_inputs_run05_three_loop_t3_1_model_3_lm0.4318_mut23/run05_candidate_0847_run05_three_loop_inputs_run05_three_loop_t3_1_model_3_lm0.4318_mut23_model_0.cif
run05_candidate_0455_run05_three_loop_inputs_run05_three_loop_t3_8_model_1_lm0.4561_mut19,0.8294210433959961,0.5899403691291809,0.8892911672592163,0.90888,0.95135,1.67,228.0,run05/output/boltz_results/boltz_results_boltz_yamls/predictions/run05_candidate_0455_run05_three_loop_inputs_run05_three_loop_t3_8_model_1_lm0.4561_mut19/run05_candidate_0455_run05_three_loop_inputs_run05_three_loop_t3_8_model_1_lm0.4561_mut19_model_0.cif
run05_candidate_0126_run05_three_loop_inputs_run05_three_loop_t1_5_model_2_lm0.4877_mut20,0.6994617581367493,0.34414586424827576,0.7882907390594482,0.90886,0.95104,1.43,228.0,run05/output/boltz_results/boltz_results_boltz_yamls/predictions/run05_candidate_0126_run05_three_loop_inputs_run05_three_loop_t1_5_model_2_lm0.4877_mut20/run05_candidate_0126_run05_three_loop_inputs_run05_three_loop_t1_5_model_2_lm0.4877_mut20_model_0.cif
run05_candidate_0630_run05_three_loop_inputs_run05_three_loop_t5_7_model_3_lm0.4446_mut23,0.7809385657310486,0.5935091376304626,0.8277958035469055,0.9086,0.95102,1.45,227.0,run05/output/boltz_results/boltz_results_boltz_yamls/predictions/run05_candidate_0630_run05_three_loop_inputs_run05_three_loop_t5_7_model_3_lm0.4446_mut23/run05_candidate_0630_run05_three_loop_inputs_run05_three_loop_t5_7_model_3_lm0.4446_mut23_model_0.cif
run05_candidate_0299_run05_three_loop_inputs_run05_three_loop_t3_0_model_1_lm0.4672_mut24,0.8323941230773926,0.7560057640075684,0.8514912724494934,0.90856,0.95099,1.68,228.0,run05/output/boltz_results/boltz_results_boltz_yamls/predictions/run05_candidate_0299_run05_three_loop_inputs_run05_three_loop_t3_0_model_1_lm0.4672_mut24/run05_candidate_0299_run05_three_loop_inputs_run05_three_loop_t3_0_model_1_lm0.4672_mut24_model_0.cif
run05_candidate_0536_run05_three_loop_inputs_run05_three_loop_t1_8_model_4_lm0.4516_mut24,0.8218097686767578,0.7074655890464783,0.8503958582878113,0.90857,0.95092,1.56,228.0,run05/output/boltz_results/boltz_results_boltz_yamls/predictions/run05_candidate_0536_run05_three_loop_inputs_run05_three_loop_t1_8_model_4_lm0.4516_mut24/run05_candidate_0536_run05_three_loop_inputs_run05_three_loop_t1_8_model_4_lm0.4516_mut24_model_0.cif
