rank	name	length	tm2	tm1	rmsd	aligned	plddt	confidence	ptm	source_model	pdb_file	sequence
1	run05_candidate_0152_run05_three_loop_inputs_run05_three_loop_t5_2_model_2_lm0.4833_mut21	239	0.96648	0.92303	1.24	228.0	0.8962441086769104	0.8268033266067505	0.5490398406982422	run05/output/boltz_results/boltz_results_boltz_yamls/predictions/run05_candidate_0152_run05_three_loop_inputs_run05_three_loop_t5_2_model_2_lm0.4833_mut21/run05_candidate_0152_run05_three_loop_inputs_run05_three_loop_t5_2_model_2_lm0.4833_mut21_model_0.cif	run05/top48_boltz_pdbs/pdbs/rank001_cand0152_t5_2_model_2_lm0.4833_mut21.pdb	MSKGEELFTGVVPILVELDGDVNGHKFSVRGEGEGDATNGKLTLKFICTTGKLPVPWPTLVTTLTYGVQCFSRYPDHMKRHDFFKSAMPEGYVQERTISFKDDGTYKTRAEVKFEGDTLVNRIELKGINFKEEGIKKGLGMKVTEGSHNVYITADKQKNGIKANFKIRHNVEDGSVQLADHYQQNTPIGKGPEIVGEDHYLSTQSVLSRDPNEKRDHMVLLEFVTAAGITHGGMDELYK
2	run05_candidate_0037_run05_three_loop_inputs_run05_three_loop_t2_3_model_4_lm0.4972_mut20	239	0.96494	0.92147	1.45	228.0	0.8885255455970764	0.8868786692619324	0.8802911043167114	run05/output/boltz_results/boltz_results_boltz_yamls/predictions/run05_candidate_0037_run05_three_loop_inputs_run05_three_loop_t2_3_model_4_lm0.4972_mut20/run05_candidate_0037_run05_three_loop_inputs_run05_three_loop_t2_3_model_4_lm0.4972_mut20_model_0.cif	run05/top48_boltz_pdbs/pdbs/rank002_cand0037_t2_3_model_4_lm0.4972_mut20.pdb	MSKGEELFTGVVPILVELDGDVNGHKFSVRGEGEGDATNGKLTLKFICTTGKLPVPWPTLVTTLTYGVQCFSRYPDHMKRHDFFKSAMPEGYVQERTISFKDDGTYKTRAEVKFEGDTLVNRIELKGINFKADGGVLGKTLKYEEMSHNVYITADKQKNGIKANFKIRHNVEDGSVQLADHYQQNTPIGSGPAELPGDHYLSTQSVLSYDPDKKDEHMVLLEFVTAAGITHGGMDELYK
3	run05_candidate_0173_run05_three_loop_inputs_run05_three_loop_t5_2_model_2_lm0.4818_mut23	239	0.96354	0.92005	1.14	226.0	0.8815786242485046	0.8032193183898926	0.4897821247577667	run05/output/boltz_results/boltz_results_boltz_yamls/predictions/run05_candidate_0173_run05_three_loop_inputs_run05_three_loop_t5_2_model_2_lm0.4818_mut23/run05_candidate_0173_run05_three_loop_inputs_run05_three_loop_t5_2_model_2_lm0.4818_mut23_model_0.cif	run05/top48_boltz_pdbs/pdbs/rank003_cand0173_t5_2_model_2_lm0.4818_mut23.pdb	MSKGEELFTGVVPILVELDGDVNGHKFSVRGEGEGDATNGKLTLKFICTTGKLPVPWPTLVTTLTYGVQCFSRYPDHMKRHDFFKSAMPEGYVQERTISFKDDGTYKTRAEVKFEGDTLVNRIELKGINFKPEGLEKGLGMKVTEGSHNVYITADKQKNGIKANFKIRHNVEDGSVQLADHYQQNTPIGKGPEIVGEDHYLSTQSVLSRDPTEKRDHMVLLEFVTAAGITHGGMDELYK
4	run05_candidate_0321_run05_three_loop_inputs_run05_three_loop_t2_1_model_4_lm0.4658_mut21	239	0.96133	0.91824	1.33	228.0	0.7500141859054565	0.6658993363380432	0.3294403553009033	run05/output/boltz_results/boltz_results_boltz_yamls/predictions/run05_candidate_0321_run05_three_loop_inputs_run05_three_loop_t2_1_model_4_lm0.4658_mut21/run05_candidate_0321_run05_three_loop_inputs_run05_three_loop_t2_1_model_4_lm0.4658_mut21_model_0.cif	run05/top48_boltz_pdbs/pdbs/rank004_cand0321_t2_1_model_4_lm0.4658_mut21.pdb	MSKGEELFTGVVPILVELDGDVNGHKFSVRGEGEGDATNGKLTLKFICTTGKLPVPWPTLVTTLTYGVQCFSRYPDHMKRHDFFKSAMPEGYVQERTISFKDDGTYKTRAEVKFEGDTLVNRIELKGIGFKEDGGVYKLFREGTTSSHNVYITADKQKNGIKANFKIRHNVEDGSVQLADHYQQNTPIGKGPELVKEDHYLSTQSVLSRDPNDPRDHMVLLEFVTAAGITHGGMDELYK
5	run05_candidate_0353_run05_three_loop_inputs_run05_three_loop_t2_1_model_4_lm0.4635_mut22	239	0.96028	0.91731	1.32	228.0	0.8580267429351807	0.8584762811660767	0.8602745532989502	run05/output/boltz_results/boltz_results_boltz_yamls/predictions/run05_candidate_0353_run05_three_loop_inputs_run05_three_loop_t2_1_model_4_lm0.4635_mut22/run05_candidate_0353_run05_three_loop_inputs_run05_three_loop_t2_1_model_4_lm0.4635_mut22_model_0.cif	run05/top48_boltz_pdbs/pdbs/rank005_cand0353_t2_1_model_4_lm0.4635_mut22.pdb	MSKGEELFTGVVPILVELDGDVNGHKFSVRGEGEGDATNGKLTLKFICTTGKLPVPWPTLVTTLTYGVQCFSRYPDHMKRHDFFKSAMPEGYVQERTISFKDDGTYKTRAEVKFEGDTLVNRIELKGIGFKEDGGVYKLYRTGSTSSHNVYITADKQKNGIKANFKIRHNVEDGSVQLADHYQQNTPIGKGPELVEEDHYLSTQSVLSRDPNDPRDHMVLLEFVTAAGITHGGMDELYK
6	run05_candidate_0311_run05_three_loop_inputs_run05_three_loop_t2_1_model_4_lm0.4661_mut22	239	0.95923	0.91637	1.35	228.0	0.7725310325622559	0.7089244723320007	0.4544983208179474	run05/output/boltz_results/boltz_results_boltz_yamls/predictions/run05_candidate_0311_run05_three_loop_inputs_run05_three_loop_t2_1_model_4_lm0.4661_mut22/run05_candidate_0311_run05_three_loop_inputs_run05_three_loop_t2_1_model_4_lm0.4661_mut22_model_0.cif	run05/top48_boltz_pdbs/pdbs/rank006_cand0311_t2_1_model_4_lm0.4661_mut22.pdb	MSKGEELFTGVVPILVELDGDVNGHKFSVRGEGEGDATNGKLTLKFICTTGKLPVPWPTLVTTLTYGVQCFSRYPDHMKRHDFFKSAMPEGYVQERTISFKDDGTYKTRAEVKFEGDTLVNRIELKGIGFKEDGGVYKLYREGSSSSHNVYITADKQKNGIKANFKIRHNVEDGSVQLADHYQQNTPIGKGPELVKEDHYLSTQSVLSRDPSDPRDHMVLLEFVTAAGITHGGMDELYK
7	run05_candidate_0120_run05_three_loop_inputs_run05_three_loop_t1_5_model_2_lm0.4891_mut19	239	0.95916	0.91633	1.31	228.0	0.843722939491272	0.8507756590843201	0.8789868950843811	run05/output/boltz_results/boltz_results_boltz_yamls/predictions/run05_candidate_0120_run05_three_loop_inputs_run05_three_loop_t1_5_model_2_lm0.4891_mut19/run05_candidate_0120_run05_three_loop_inputs_run05_three_loop_t1_5_model_2_lm0.4891_mut19_model_0.cif	run05/top48_boltz_pdbs/pdbs/rank007_cand0120_t1_5_model_2_lm0.4891_mut19.pdb	MSKGEELFTGVVPILVELDGDVNGHKFSVRGEGEGDATNGKLTLKFICTTGKLPVPWPTLVTTLTYGVQCFSRYPDHMKRHDFFKSAMPEGYVQERTISFKDDGTYKTRAEVKFEGDTLVNRIELKGINFKPDGAVLTLKFRDLTMSHNVYITADKQKNGIKANFKIRHNVEDGSVQLADHYQQNTPIGEKEVNLPDDHYLSTQSVLSRDPNEKEDHMVLLEFVTAAGITHGGMDELYK
8	run05_candidate_0335_run05_three_loop_inputs_run05_three_loop_t2_1_model_4_lm0.4647_mut23	239	0.95899	0.91596	1.31	227.0	0.8102738857269287	0.7346341609954834	0.4320746958255768	run05/output/boltz_results/boltz_results_boltz_yamls/predictions/run05_candidate_0335_run05_three_loop_inputs_run05_three_loop_t2_1_model_4_lm0.4647_mut23/run05_candidate_0335_run05_three_loop_inputs_run05_three_loop_t2_1_model_4_lm0.4647_mut23_model_0.cif	run05/top48_boltz_pdbs/pdbs/rank008_cand0335_t2_1_model_4_lm0.4647_mut23.pdb	MSKGEELFTGVVPILVELDGDVNGHKFSVRGEGEGDATNGKLTLKFICTTGKLPVPWPTLVTTLTYGVQCFSRYPDHMKRHDFFKSAMPEGYVQERTISFKDDGTYKTRAEVKFEGDTLVNRIELKGIGFKPDGGVFRLYREGSTSSHNVYITADKQKNGIKANFKIRHNVEDGSVQLADHYQQNTPIGKGPELVEEDHYLSTQSVLSRDPSDPRDHMVLLEFVTAAGITHGGMDELYK
9	run05_candidate_0163_run05_three_loop_inputs_run05_three_loop_t5_2_model_2_lm0.4825_mut21	239	0.95864	0.91568	1.48	228.0	0.8614113926887512	0.7761055827140808	0.43488261103630066	run05/output/boltz_results/boltz_results_boltz_yamls/predictions/run05_candidate_0163_run05_three_loop_inputs_run05_three_loop_t5_2_model_2_lm0.4825_mut21/run05_candidate_0163_run05_three_loop_inputs_run05_three_loop_t5_2_model_2_lm0.4825_mut21_model_0.cif	run05/top48_boltz_pdbs/pdbs/rank009_cand0163_t5_2_model_2_lm0.4825_mut21.pdb	MSKGEELFTGVVPILVELDGDVNGHKFSVRGEGEGDATNGKLTLKFICTTGKLPVPWPTLVTTLTYGVQCFSRYPDHMKRHDFFKSAMPEGYVQERTISFKDDGTYKTRAEVKFEGDTLVNRIELKGINFKEEGLKKGLGMKVTEGSHNVYITADKQKNGIKANFKIRHNVEDGSVQLADHYQQNTPIGKGPEIVGEDHYLSTQSVLSEDPNEKRDHMVLLEFVTAAGITHGGMDELYK
10	run05_candidate_0830_run05_three_loop_inputs_run05_three_loop_t3_1_model_3_lm0.4336_mut23	239	0.95736	0.91441	1.18	226.0	0.8441487550735474	0.8215898871421814	0.7313544154167175	run05/output/boltz_results/boltz_results_boltz_yamls/predictions/run05_candidate_0830_run05_three_loop_inputs_run05_three_loop_t3_1_model_3_lm0.4336_mut23/run05_candidate_0830_run05_three_loop_inputs_run05_three_loop_t3_1_model_3_lm0.4336_mut23_model_0.cif	run05/top48_boltz_pdbs/pdbs/rank010_cand0830_t3_1_model_3_lm0.4336_mut23.pdb	MSKGEELFTGVVPILVELDGDVNGHKFSVRGEGEGDATNGKLTLKFICTTGKLPVPWPTLVTTLTYGVQCFSRYPDHMKRHDFFKSAMPEGYVQERTISFKDDGTYKTRAEVKFEGDTLVNRIELKGIDIKESMLRIDFEAYRGLHSHNVYITADKQKNGIKANFKIRHNVEDGSVQLADHYQQNTPIGNGPDVVGEDHYLSTQSVLSRDPNEKRDHMVLLEFVTAAGITHGGMDELYK
11	run05_candidate_0219_run05_three_loop_inputs_run05_three_loop_t5_1_model_1_lm0.4766_mut24	239	0.95729	0.9145	1.24	227.0	0.8830545544624329	0.8814390301704407	0.8749772310256958	run05/output/boltz_results/boltz_results_boltz_yamls/predictions/run05_candidate_0219_run05_three_loop_inputs_run05_three_loop_t5_1_model_1_lm0.4766_mut24/run05_candidate_0219_run05_three_loop_inputs_run05_three_loop_t5_1_model_1_lm0.4766_mut24_model_0.cif	run05/top48_boltz_pdbs/pdbs/rank011_cand0219_t5_1_model_1_lm0.4766_mut24.pdb	MSKGEELFTGVVPILVELDGDVNGHKFSVRGEGEGDATNGKLTLKFICTTGKLPVPWPTLVTTLTYGVQCFSRYPDHMKRHDFFKSAMPEGYVQERTISFKDDGTYKTRAEVKFEGDTLVNRIELKGIGFTPEGLKRWKGIVYTEGSHNVYITADKQKNGIKANFKIRHNVEDGSVQLADHYQQNTPIGSKPVNLGENHYLSTQSVLSRDPSDSRDHMVLLEFVTAAGITHGGMDELYK
12	run05_candidate_0026_run05_three_loop_inputs_run05_three_loop_t2_3_model_4_lm0.4990_mut20	239	0.95678	0.91395	1.55	228.0	0.8831038475036621	0.8265676498413086	0.6004226207733154	run05/output/boltz_results/boltz_results_boltz_yamls/predictions/run05_candidate_0026_run05_three_loop_inputs_run05_three_loop_t2_3_model_4_lm0.4990_mut20/run05_candidate_0026_run05_three_loop_inputs_run05_three_loop_t2_3_model_4_lm0.4990_mut20_model_0.cif	run05/top48_boltz_pdbs/pdbs/rank012_cand0026_t2_3_model_4_lm0.4990_mut20.pdb	MSKGEELFTGVVPILVELDGDVNGHKFSVRGEGEGDATNGKLTLKFICTTGKLPVPWPTLVTTLTYGVQCFSRYPDHMKRHDFFKSAMPEGYVQERTISFKDDGTYKTRAEVKFEGDTLVNRIELKGINFKADGGVLGKTLKYENMSHNVYITADKQKNGIKANFKIRHNVEDGSVQLADHYQQNTPIGSGPANLPGDHYLSTQSVLSYDPSKKDEHMVLLEFVTAAGITHGGMDELYK
13	run05_candidate_0137_run05_three_loop_inputs_run05_three_loop_t3_3_model_2_lm0.4845_mut25	239	0.95595	0.91308	1.22	226.0	0.84559565782547	0.7520768046379089	0.37800097465515137	run05/output/boltz_results/boltz_results_boltz_yamls/predictions/run05_candidate_0137_run05_three_loop_inputs_run05_three_loop_t3_3_model_2_lm0.4845_mut25/run05_candidate_0137_run05_three_loop_inputs_run05_three_loop_t3_3_model_2_lm0.4845_mut25_model_0.cif	run05/top48_boltz_pdbs/pdbs/rank013_cand0137_t3_3_model_2_lm0.4845_mut25.pdb	MSKGEELFTGVVPILVELDGDVNGHKFSVRGEGEGDATNGKLTLKFICTTGKLPVPWPTLVTTLTYGVQCFSRYPDHMKRHDFFKSAMPEGYVQERTISFKDDGTYKTRAEVKFEGDTLVNRIELKGIDMKGMGKLKGRDEDYQLPSHNVYITADKQKNGIKANFKIRHNVEDGSVQLADHYQQNTPIGGGGNIPSVDHYLSTQSVLSRDPSDPRDHMVLLEFVTAAGITHGGMDELYK
14	run05_candidate_0307_run05_three_loop_inputs_run05_three_loop_t2_1_model_4_lm0.4664_mut22	239	0.9558	0.91304	1.38	227.0	0.7258374691009521	0.6497246623039246	0.34527358412742615	run05/output/boltz_results/boltz_results_boltz_yamls/predictions/run05_candidate_0307_run05_three_loop_inputs_run05_three_loop_t2_1_model_4_lm0.4664_mut22/run05_candidate_0307_run05_three_loop_inputs_run05_three_loop_t2_1_model_4_lm0.4664_mut22_model_0.cif	run05/top48_boltz_pdbs/pdbs/rank014_cand0307_t2_1_model_4_lm0.4664_mut22.pdb	MSKGEELFTGVVPILVELDGDVNGHKFSVRGEGEGDATNGKLTLKFICTTGKLPVPWPTLVTTLTYGVQCFSRYPDHMKRHDFFKSAMPEGYVQERTISFKDDGTYKTRAEVKFEGDTLVNRIELKGIGFKEDGGVFKLFREGSTSSHNVYITADKQKNGIKANFKIRHNVEDGSVQLADHYQQNTPIGKGPELVEEDHYLSTQSVLSRDPSDPRDHMVLLEFVTAAGITHGGMDELYK
15	run05_candidate_0459_run05_three_loop_inputs_run05_three_loop_t2_6_model_3_lm0.4560_mut23	239	0.95564	0.91284	1.38	227.0	0.8451703786849976	0.7492627501487732	0.3656323552131653	run05/output/boltz_results/boltz_results_boltz_yamls/predictions/run05_candidate_0459_run05_three_loop_inputs_run05_three_loop_t2_6_model_3_lm0.4560_mut23/run05_candidate_0459_run05_three_loop_inputs_run05_three_loop_t2_6_model_3_lm0.4560_mut23_model_0.cif	run05/top48_boltz_pdbs/pdbs/rank015_cand0459_t2_6_model_3_lm0.4560_mut23.pdb	MSKGEELFTGVVPILVELDGDVNGHKFSVRGEGEGDATNGKLTLKFICTTGKLPVPWPTLVTTLTYGVQCFSRYPDHMKRHDFFKSAMPEGYVQERTISFKDDGTYKTRAEVKFEGDTLVNRIELKGINMRFDRGLLADLAETATSSHNVYITADKQKNGIKANFKIRHNVEDGSVQLADHYQQNTPIGDKEVNIPDDHYLSTQSVLSRDPNDPRDHMVLLEFVTAAGITHGGMDELYK
16	run05_candidate_0196_run05_three_loop_inputs_run05_three_loop_t5_1_model_1_lm0.4789_mut23	239	0.95552	0.9128	1.34	227.0	0.9035065174102783	0.8887656331062317	0.8298022150993347	run05/output/boltz_results/boltz_results_boltz_yamls/predictions/run05_candidate_0196_run05_three_loop_inputs_run05_three_loop_t5_1_model_1_lm0.4789_mut23/run05_candidate_0196_run05_three_loop_inputs_run05_three_loop_t5_1_model_1_lm0.4789_mut23_model_0.cif	run05/top48_boltz_pdbs/pdbs/rank016_cand0196_t5_1_model_1_lm0.4789_mut23.pdb	MSKGEELFTGVVPILVELDGDVNGHKFSVRGEGEGDATNGKLTLKFICTTGKLPVPWPTLVTTLTYGVQCFSRYPDHMKRHDFFKSAMPEGYVQERTISFKDDGTYKTRAEVKFEGDTLVNRIELKGIGFTPEGLKRWQGIVYTEGSHNVYITADKQKNGIKANFKIRHNVEDGSVQLADHYQQNTPIGSKPVNLGENHYLSTQSVLSRDPNDPRDHMVLLEFVTAAGITHGGMDELYK
17	run05_candidate_0387_run05_three_loop_inputs_run05_three_loop_t3_5_model_4_lm0.4613_mut22	239	0.95544	0.91265	1.6	228.0	0.9037907719612122	0.8644850850105286	0.7072619795799255	run05/output/boltz_results/boltz_results_boltz_yamls/predictions/run05_candidate_0387_run05_three_loop_inputs_run05_three_loop_t3_5_model_4_lm0.4613_mut22/run05_candidate_0387_run05_three_loop_inputs_run05_three_loop_t3_5_model_4_lm0.4613_mut22_model_0.cif	run05/top48_boltz_pdbs/pdbs/rank017_cand0387_t3_5_model_4_lm0.4613_mut22.pdb	MSKGEELFTGVVPILVELDGDVNGHKFSVRGEGEGDATNGKLTLKFICTTGKLPVPWPTLVTTLTYGVQCFSRYPDHMKRHDFFKSAMPEGYVQERTISFKDDGTYKTRAEVKFEGDTLVNRIELKGIDFKEDGGVFAKKLTYTEGSHNVYITADKQKNGIKANFKIRHNVEDGSVQLADHYQQNTPIGSDSHLVGEDHYLSTQSVLSFDPEKKDEHMVLLEFVTAAGITHGGMDELYK
18	run05_candidate_0285_run05_three_loop_inputs_run05_three_loop_t2_1_model_4_lm0.4680_mut23	239	0.95514	0.91251	1.46	228.0	0.7484092712402344	0.6652190089225769	0.3324580490589142	run05/output/boltz_results/boltz_results_boltz_yamls/predictions/run05_candidate_0285_run05_three_loop_inputs_run05_three_loop_t2_1_model_4_lm0.4680_mut23/run05_candidate_0285_run05_three_loop_inputs_run05_three_loop_t2_1_model_4_lm0.4680_mut23_model_0.cif	run05/top48_boltz_pdbs/pdbs/rank018_cand0285_t2_1_model_4_lm0.4680_mut23.pdb	MSKGEELFTGVVPILVELDGDVNGHKFSVRGEGEGDATNGKLTLKFICTTGKLPVPWPTLVTTLTYGVQCFSRYPDHMKRHDFFKSAMPEGYVQERTISFKDDGTYKTRAEVKFEGDTLVNRIELKGIGFKDDGGVYKLYREGTTSSHNVYITADKQKNGIKANFKIRHNVEDGSVQLADHYQQNTPIGKGPELVEEDHYLSTQSVLSRDPSDPRDHMVLLEFVTAAGITHGGMDELYK
19	run05_candidate_0051_run05_three_loop_inputs_run05_three_loop_t3_5_model_0_lm0.4958_mut23	239	0.95473	0.91205	1.56	228.0	0.8518778681755066	0.7985008358955383	0.584992527961731	run05/output/boltz_results/boltz_results_boltz_yamls/predictions/run05_candidate_0051_run05_three_loop_inputs_run05_three_loop_t3_5_model_0_lm0.4958_mut23/run05_candidate_0051_run05_three_loop_inputs_run05_three_loop_t3_5_model_0_lm0.4958_mut23_model_0.cif	run05/top48_boltz_pdbs/pdbs/rank019_cand0051_t3_5_model_0_lm0.4958_mut23.pdb	MSKGEELFTGVVPILVELDGDVNGHKFSVRGEGEGDATNGKLTLKFICTTGKLPVPWPTLVTTLTYGVQCFSRYPDHMKRHDFFKSAMPEGYVQERTISFKDDGTYKTRAEVKFEGDTLVNRIELKGINFKPDGGVLGKKLLYERGSHNVYITADKQKNGIKANFKIRHNVEDGSVQLADHYQQNTPIGKDGVLCGNDHYLSTQSVLSWEDPERKYHMVLLEFVTAAGITHGGMDELYK
20	run05_candidate_0030_run05_three_loop_inputs_run05_three_loop_t2_3_model_4_lm0.4980_mut21	239	0.95457	0.91188	1.58	228.0	0.8289222717285156	0.7481033802032471	0.42482760548591614	run05/output/boltz_results/boltz_results_boltz_yamls/predictions/run05_candidate_0030_run05_three_loop_inputs_run05_three_loop_t2_3_model_4_lm0.4980_mut21/run05_candidate_0030_run05_three_loop_inputs_run05_three_loop_t2_3_model_4_lm0.4980_mut21_model_0.cif	run05/top48_boltz_pdbs/pdbs/rank020_cand0030_t2_3_model_4_lm0.4980_mut21.pdb	MSKGEELFTGVVPILVELDGDVNGHKFSVRGEGEGDATNGKLTLKFICTTGKLPVPWPTLVTTLTYGVQCFSRYPDHMKRHDFFKSAMPEGYVQERTISFKDDGTYKTRAEVKFEGDTLVNRIELKGIGFKADGGVLGKTLKYEKMSHNVYITADKQKNGIKANFKIRHNVEDGSVQLADHYQQNTPIGSGPADIPGDHYLSTQSVLSYDPAKKDEHMVLLEFVTAAGITHGGMDELYK
21	run05_candidate_0274_run05_three_loop_inputs_run05_three_loop_t2_1_model_4_lm0.4689_mut22	239	0.95455	0.91191	1.36	227.0	0.7668395638465881	0.6735274791717529	0.3002794682979584	run05/output/boltz_results/boltz_results_boltz_yamls/predictions/run05_candidate_0274_run05_three_loop_inputs_run05_three_loop_t2_1_model_4_lm0.4689_mut22/run05_candidate_0274_run05_three_loop_inputs_run05_three_loop_t2_1_model_4_lm0.4689_mut22_model_0.cif	run05/top48_boltz_pdbs/pdbs/rank021_cand0274_t2_1_model_4_lm0.4689_mut22.pdb	MSKGEELFTGVVPILVELDGDVNGHKFSVRGEGEGDATNGKLTLKFICTTGKLPVPWPTLVTTLTYGVQCFSRYPDHMKRHDFFKSAMPEGYVQERTISFKDDGTYKTRAEVKFEGDTLVNRIELKGIGFKEDGGVYKLYREGTTSSHNVYITADKQKNGIKANFKIRHNVEDGSVQLADHYQQNTPIGKGPELVEEDHYLSTQSVLSRDPSDPRDHMVLLEFVTAAGITHGGMDELYK
22	run05_candidate_0483_run05_three_loop_inputs_run05_three_loop_t2_1_model_2_lm0.4551_mut22	239	0.95454	0.91196	1.47	228.0	0.8674092888832092	0.8260464072227478	0.6605950593948364	run05/output/boltz_results/boltz_results_boltz_yamls/predictions/run05_candidate_0483_run05_three_loop_inputs_run05_three_loop_t2_1_model_2_lm0.4551_mut22/run05_candidate_0483_run05_three_loop_inputs_run05_three_loop_t2_1_model_2_lm0.4551_mut22_model_0.cif	run05/top48_boltz_pdbs/pdbs/rank022_cand0483_t2_1_model_2_lm0.4551_mut22.pdb	MSKGEELFTGVVPILVELDGDVNGHKFSVRGEGEGDATNGKLTLKFICTTGKLPVPWPTLVTTLTYGVQCFSRYPDHMKRHDFFKSAMPEGYVQERTISFKDDGTYKTRAEVKFEGDTLVNRIELKGINFKPDGNVLKKIKFEEKSSHNVYITADKQKNGIKANFKIRHNVEDGSVQLADHYQQNTPIGKGGVLQGDDHYLSTQSVLSRDPEKKDEHMVLLEFVTAAGITHGGMDELYK
23	run05_candidate_0127_run05_three_loop_inputs_run05_three_loop_t1_5_model_2_lm0.4877_mut18	239	0.95453	0.91201	1.42	228.0	0.8261511921882629	0.7765041589736938	0.5779164433479309	run05/output/boltz_results/boltz_results_boltz_yamls/predictions/run05_candidate_0127_run05_three_loop_inputs_run05_three_loop_t1_5_model_2_lm0.4877_mut18/run05_candidate_0127_run05_three_loop_inputs_run05_three_loop_t1_5_model_2_lm0.4877_mut18_model_0.cif	run05/top48_boltz_pdbs/pdbs/rank023_cand0127_t1_5_model_2_lm0.4877_mut18.pdb	MSKGEELFTGVVPILVELDGDVNGHKFSVRGEGEGDATNGKLTLKFICTTGKLPVPWPTLVTTLTYGVQCFSRYPDHMKRHDFFKSAMPEGYVQERTISFKDDGTYKTRAEVKFEGDTLVNRIELKGINFKPDGAVLTLKFRPLTMSHNVYITADKQKNGIKANFKIRHNVEDGSVQLADHYQQNTPIGEKEVNLPDDHYLSTQSVLSRDPNEKRDHMVLLEFVTAAGITHGGMDELYK
24	run05_candidate_0688_run05_three_loop_inputs_run05_three_loop_t2_7_model_0_lm0.4411_mut27	239	0.9545	0.91179	1.26	226.0	0.8075442910194397	0.7552188038825989	0.5459171533584595	run05/output/boltz_results/boltz_results_boltz_yamls/predictions/run05_candidate_0688_run05_three_loop_inputs_run05_three_loop_t2_7_model_0_lm0.4411_mut27/run05_candidate_0688_run05_three_loop_inputs_run05_three_loop_t2_7_model_0_lm0.4411_mut27_model_0.cif	run05/top48_boltz_pdbs/pdbs/rank024_cand0688_t2_7_model_0_lm0.4411_mut27.pdb	MSKGEELFTGVVPILVELDGDVNGHKFSVRGEGEGDATNGKLTLKFICTTGKLPVPWPTLVTTLTYGVQCFSRYPDHMKRHDFFKSAMPEGYVQERTISFKDDGTYKTRAEVKFEGDTLVNRIELKGINFKPDAPWRRLVRGPLTSSHNVYITADKQKNGIKANFKIRHNVEDGSVQLADHYQQNTPIGKGGEISEEDHYLSTQSVLSEDPSDSRDHMVLLEFVTAAGITHGGMDELYK
25	run05_candidate_0024_run05_three_loop_inputs_run05_three_loop_t2_3_model_4_lm0.4996_mut19	239	0.95396	0.91127	1.63	228.0	0.8576712608337402	0.8391624689102173	0.7651269435882568	run05/output/boltz_results/boltz_results_boltz_yamls/predictions/run05_candidate_0024_run05_three_loop_inputs_run05_three_loop_t2_3_model_4_lm0.4996_mut19/run05_candidate_0024_run05_three_loop_inputs_run05_three_loop_t2_3_model_4_lm0.4996_mut19_model_0.cif	run05/top48_boltz_pdbs/pdbs/rank025_cand0024_t2_3_model_4_lm0.4996_mut19.pdb	MSKGEELFTGVVPILVELDGDVNGHKFSVRGEGEGDATNGKLTLKFICTTGKLPVPWPTLVTTLTYGVQCFSRYPDHMKRHDFFKSAMPEGYVQERTISFKDDGTYKTRAEVKFEGDTLVNRIELKGIDFKADGGVLGKTLKYEEMSHNVYITADKQKNGIKANFKIRHNVEDGSVQLADHYQQNTPIGSGPANLPGDHYLSTQSVLSYDPAKKDEHMVLLEFVTAAGITHGGMDELYK
26	run05_candidate_0415_run05_three_loop_inputs_run05_three_loop_t3_8_model_1_lm0.4584_mut21	239	0.95389	0.91123	1.43	227.0	0.9014920592308044	0.849233090877533	0.640197217464447	run05/output/boltz_results/boltz_results_boltz_yamls/predictions/run05_candidate_0415_run05_three_loop_inputs_run05_three_loop_t3_8_model_1_lm0.4584_mut21/run05_candidate_0415_run05_three_loop_inputs_run05_three_loop_t3_8_model_1_lm0.4584_mut21_model_0.cif	run05/top48_boltz_pdbs/pdbs/rank026_cand0415_t3_8_model_1_lm0.4584_mut21.pdb	MSKGEELFTGVVPILVELDGDVNGHKFSVRGEGEGDATNGKLTLKFICTTGKLPVPWPTLVTTLTYGVQCFSRYPDHMKRHDFFKSAMPEGYVQERTISFKDDGTYKTRAEVKFEGDTLVNRIELKGINFKADGGVLGKKLVYTEGSHNVYITADKQKNGIKANFKIRHNVEDGSVQLADHYQQNTPIGEKEAVLPDDHYLSTQSVLSRDPDKADEHMVLLEFVTAAGITHGGMDELYK
27	run05_candidate_0301_run05_three_loop_inputs_run05_three_loop_t2_1_model_4_lm0.4668_mut22	239	0.95346	0.91089	1.36	227.0	0.7840380668640137	0.7083258032798767	0.4054766595363617	run05/output/boltz_results/boltz_results_boltz_yamls/predictions/run05_candidate_0301_run05_three_loop_inputs_run05_three_loop_t2_1_model_4_lm0.4668_mut22/run05_candidate_0301_run05_three_loop_inputs_run05_three_loop_t2_1_model_4_lm0.4668_mut22_model_0.cif	run05/top48_boltz_pdbs/pdbs/rank027_cand0301_t2_1_model_4_lm0.4668_mut22.pdb	MSKGEELFTGVVPILVELDGDVNGHKFSVRGEGEGDATNGKLTLKFICTTGKLPVPWPTLVTTLTYGVQCFSRYPDHMKRHDFFKSAMPEGYVQERTISFKDDGTYKTRAEVKFEGDTLVNRIELKGIGFKEDGGVFKLYREGTTASHNVYITADKQKNGIKANFKIRHNVEDGSVQLADHYQQNTPIGKGPELVEEDHYLSTQSVLSRDPSDPRDHMVLLEFVTAAGITHGGMDELYK
28	run05_candidate_0697_run05_three_loop_inputs_run05_three_loop_t1_6_model_3_lm0.4407_mut29	239	0.95339	0.91073	1.28	226.0	0.7816634774208069	0.7947478294372559	0.8470851182937622	run05/output/boltz_results/boltz_results_boltz_yamls/predictions/run05_candidate_0697_run05_three_loop_inputs_run05_three_loop_t1_6_model_3_lm0.4407_mut29/run05_candidate_0697_run05_three_loop_inputs_run05_three_loop_t1_6_model_3_lm0.4407_mut29_model_0.cif	run05/top48_boltz_pdbs/pdbs/rank028_cand0697_t1_6_model_3_lm0.4407_mut29.pdb	MSKGEELFTGVVPILVELDGDVNGHKFSVRGEGEGDATNGKLTLKFICTTGKLPVPWPTLVTTLTYGVQCFSRYPDHMKRHDFFKSAMPEGYVQERTISFKDDGTYKTRAEVKFEGDTLVNRIELKGINGPASGQLCSKVKFESYSSHNVYITADKQKNGIKANFKIRHNVEDGSVQLADHYQQNTPIGNNGAISGDDHYLSTQSVLSRDPSTKEDHMVLLEFVTAAGITHGGMDELYK
29	run05_candidate_0824_run05_three_loop_inputs_run05_three_loop_t3_1_model_3_lm0.4338_mut24	239	0.95334	0.91074	1.24	226.0	0.8273147940635681	0.755458652973175	0.4680340886116028	run05/output/boltz_results/boltz_results_boltz_yamls/predictions/run05_candidate_0824_run05_three_loop_inputs_run05_three_loop_t3_1_model_3_lm0.4338_mut24/run05_candidate_0824_run05_three_loop_inputs_run05_three_loop_t3_1_model_3_lm0.4338_mut24_model_0.cif	run05/top48_boltz_pdbs/pdbs/rank029_cand0824_t3_1_model_3_lm0.4338_mut24.pdb	MSKGEELFTGVVPILVELDGDVNGHKFSVRGEGEGDATNGKLTLKFICTTGKLPVPWPTLVTTLTYGVQCFSRYPDHMKRHDFFKSAMPEGYVQERTISFKDDGTYKTRAEVKFEGDTLVNRIELKGINIKESMLKIDFEAYRGLHSHNVYITADKQKNGIKANFKIRHNVEDGSVQLADHYQQNTPIGNGPEVVGEDHYLSTQSVLSRDPNEKRDHMVLLEFVTAAGITHGGMDELYK
30	run05_candidate_0340_run05_three_loop_inputs_run05_three_loop_t2_1_model_4_lm0.4644_mut21	239	0.95314	0.91057	1.44	227.0	0.7360411882400513	0.6480292081832886	0.29598116874694824	run05/output/boltz_results/boltz_results_boltz_yamls/predictions/run05_candidate_0340_run05_three_loop_inputs_run05_three_loop_t2_1_model_4_lm0.4644_mut21/run05_candidate_0340_run05_three_loop_inputs_run05_three_loop_t2_1_model_4_lm0.4644_mut21_model_0.cif	run05/top48_boltz_pdbs/pdbs/rank030_cand0340_t2_1_model_4_lm0.4644_mut21.pdb	MSKGEELFTGVVPILVELDGDVNGHKFSVRGEGEGDATNGKLTLKFICTTGKLPVPWPTLVTTLTYGVQCFSRYPDHMKRHDFFKSAMPEGYVQERTISFKDDGTYKTRAEVKFEGDTLVNRIELKGIGFKEDGGIYKLYREGTTASHNVYITADKQKNGIKANFKIRHNVEDGSVQLADHYQQNTPIGKGPELVEEDHYLSTQSVLSRDPTDPRDHMVLLEFVTAAGITHGGMDELYK
31	run05_candidate_0022_run05_three_loop_inputs_run05_three_loop_t2_3_model_4_lm0.5000_mut20	239	0.9528	0.9103	1.58	228.0	0.8299326300621033	0.7552396655082703	0.4564679265022278	run05/output/boltz_results/boltz_results_boltz_yamls/predictions/run05_candidate_0022_run05_three_loop_inputs_run05_three_loop_t2_3_model_4_lm0.5000_mut20/run05_candidate_0022_run05_three_loop_inputs_run05_three_loop_t2_3_model_4_lm0.5000_mut20_model_0.cif	run05/top48_boltz_pdbs/pdbs/rank031_cand0022_t2_3_model_4_lm0.5000_mut20.pdb	MSKGEELFTGVVPILVELDGDVNGHKFSVRGEGEGDATNGKLTLKFICTTGKLPVPWPTLVTTLTYGVQCFSRYPDHMKRHDFFKSAMPEGYVQERTISFKDDGTYKTRAEVKFEGDTLVNRIELKGIDFKADGGVLGKTLKYEEMSHNVYITADKQKNGIKANFKIRHNVEDGSVQLADHYQQNTPIGSGPADIPGDHYLSTQSVLSYDPDKKDEHMVLLEFVTAAGITHGGMDELYK
32	run05_candidate_0470_run05_three_loop_inputs_run05_three_loop_t2_6_model_3_lm0.4555_mut24	239	0.95249	0.90991	1.28	226.0	0.8529543280601501	0.8500482439994812	0.8384237885475159	run05/output/boltz_results/boltz_results_boltz_yamls/predictions/run05_candidate_0470_run05_three_loop_inputs_run05_three_loop_t2_6_model_3_lm0.4555_mut24/run05_candidate_0470_run05_three_loop_inputs_run05_three_loop_t2_6_model_3_lm0.4555_mut24_model_0.cif	run05/top48_boltz_pdbs/pdbs/rank032_cand0470_t2_6_model_3_lm0.4555_mut24.pdb	MSKGEELFTGVVPILVELDGDVNGHKFSVRGEGEGDATNGKLTLKFICTTGKLPVPWPTLVTTLTYGVQCFSRYPDHMKRHDFFKSAMPEGYVQERTISFKDDGTYKTRAEVKFEGDTLVNRIELKGINMNFDRGLLADRAQTATSSHNVYITADKQKNGIKANFKIRHNVEDGSVQLADHYQQNTPIGDKEVNIPDDHYLSTQSVLSRDPNDPRDHMVLLEFVTAAGITHGGMDELYK
33	run05_candidate_0685_run05_three_loop_inputs_run05_three_loop_t1_6_model_3_lm0.4413_mut30	239	0.95234	0.90973	1.55	227.0	0.7608155012130737	0.6894784569740295	0.4041302800178528	run05/output/boltz_results/boltz_results_boltz_yamls/predictions/run05_candidate_0685_run05_three_loop_inputs_run05_three_loop_t1_6_model_3_lm0.4413_mut30/run05_candidate_0685_run05_three_loop_inputs_run05_three_loop_t1_6_model_3_lm0.4413_mut30_model_0.cif	run05/top48_boltz_pdbs/pdbs/rank033_cand0685_t1_6_model_3_lm0.4413_mut30.pdb	MSKGEELFTGVVPILVELDGDVNGHKFSVRGEGEGDATNGKLTLKFICTTGKLPVPWPTLVTTLTYGVQCFSRYPDHMKRHDFFKSAMPEGYVQERTISFKDDGTYKTRAEVKFEGDTLVNRIELKGINGPASGQLCANIKFESYSSHNVYITADKQKNGIKANFKIRHNVEDGSVQLADHYQQNTPIGNNGAISGNDHYLSTQSVLSRDPSTKEDHMVLLEFVTAAGITHGGMDELYK
34	run05_candidate_0192_run05_three_loop_inputs_run05_three_loop_t5_1_model_1_lm0.4792_mut24	239	0.95209	0.90967	1.34	227.0	0.869818925857544	0.8553309440612793	0.7973788380622864	run05/output/boltz_results/boltz_results_boltz_yamls/predictions/run05_candidate_0192_run05_three_loop_inputs_run05_three_loop_t5_1_model_1_lm0.4792_mut24/run05_candidate_0192_run05_three_loop_inputs_run05_three_loop_t5_1_model_1_lm0.4792_mut24_model_0.cif	run05/top48_boltz_pdbs/pdbs/rank034_cand0192_t5_1_model_1_lm0.4792_mut24.pdb	MSKGEELFTGVVPILVELDGDVNGHKFSVRGEGEGDATNGKLTLKFICTTGKLPVPWPTLVTTLTYGVQCFSRYPDHMKRHDFFKSAMPEGYVQERTISFKDDGTYKTRAEVKFEGDTLVNRIELKGIGFTPEGLKRWKGIVYTEGSHNVYITADKQKNGIKANFKIRHNVEDGSVQLADHYQQNTPIGSKPVNLGENHYLSTQSVLSRDPSDPRDHMVLLEFVTAAGITHGGMDELYK
35	run05_candidate_0129_run05_three_loop_inputs_run05_three_loop_t1_5_model_2_lm0.4869_mut21	239	0.95204	0.90973	1.45	228.0	0.878434419631958	0.8063467144966125	0.5179958343505859	run05/output/boltz_results/boltz_results_boltz_yamls/predictions/run05_candidate_0129_run05_three_loop_inputs_run05_three_loop_t1_5_model_2_lm0.4869_mut21/run05_candidate_0129_run05_three_loop_inputs_run05_three_loop_t1_5_model_2_lm0.4869_mut21_model_0.cif	run05/top48_boltz_pdbs/pdbs/rank035_cand0129_t1_5_model_2_lm0.4869_mut21.pdb	MSKGEELFTGVVPILVELDGDVNGHKFSVRGEGEGDATNGKLTLKFICTTGKLPVPWPTLVTTLTYGVQCFSRYPDHMKRHDFFKSAMPEGYVQERTISFKDDGTYKTRAEVKFEGDTLVNRIELKGINFKPDGAVLTLPFRPLTMSHNVYITADKQKNGIKANFKIRHNVEDGSVQLADHYQQNTPIGEKEVNLPDDHYLSTQSVLSRDPNEPEDHMVLLEFVTAAGITHGGMDELYK
36	run05_candidate_0891_run05_three_loop_inputs_run05_three_loop_t5_0_model_4_lm0.4241_mut24	239	0.95194	0.90941	1.47	227.0	0.808910608291626	0.7780916094779968	0.6548153758049011	run05/output/boltz_results/boltz_results_boltz_yamls/predictions/run05_candidate_0891_run05_three_loop_inputs_run05_three_loop_t5_0_model_4_lm0.4241_mut24/run05_candidate_0891_run05_three_loop_inputs_run05_three_loop_t5_0_model_4_lm0.4241_mut24_model_0.cif	run05/top48_boltz_pdbs/pdbs/rank036_cand0891_t5_0_model_4_lm0.4241_mut24.pdb	MSKGEELFTGVVPILVELDGDVNGHKFSVRGEGEGDATNGKLTLKFICTTGKLPVPWPTLVTTLTYGVQCFSRYPDHMKRHDFFKSAMPEGYVQERTISFKDDGTYKTRAEVKFEGDTLVNRIELKGIDFDPSGRLRTSILLIQTLSHNVYITADKQKNGIKANFKIRHNVEDGSVQLADHYQQNTPIGKGERELPDDHYLSTQSVLSRDPAEGDRHMVLLEFVTAAGITHGGMDELYK
37	run05_candidate_0036_run05_three_loop_inputs_run05_three_loop_t1_5_model_2_lm0.4973_mut19	239	0.95183	0.9093	1.28	226.0	0.8316154479980469	0.7283719778060913	0.31539830565452576	run05/output/boltz_results/boltz_results_boltz_yamls/predictions/run05_candidate_0036_run05_three_loop_inputs_run05_three_loop_t1_5_model_2_lm0.4973_mut19/run05_candidate_0036_run05_three_loop_inputs_run05_three_loop_t1_5_model_2_lm0.4973_mut19_model_0.cif	run05/top48_boltz_pdbs/pdbs/rank037_cand0036_t1_5_model_2_lm0.4973_mut19.pdb	MSKGEELFTGVVPILVELDGDVNGHKFSVRGEGEGDATNGKLTLKFICTTGKLPVPWPTLVTTLTYGVQCFSRYPDHMKRHDFFKSAMPEGYVQERTISFKDDGTYKTRAEVKFEGDTLVNRIELKGIDFKPDGAVLTLKFRPLTMSHNVYITADKQKNGIKANFKIRHNVEDGSVQLADHYQQNTPIGEKEVNLPDDHYLSTQSVLSRDPNEPEDHMVLLEFVTAAGITHGGMDELYK
38	run05_candidate_0035_run05_three_loop_inputs_run05_three_loop_t2_3_model_4_lm0.4974_mut20	239	0.95177	0.90939	1.55	228.0	0.831044614315033	0.8052865862846375	0.7022546529769897	run05/output/boltz_results/boltz_results_boltz_yamls/predictions/run05_candidate_0035_run05_three_loop_inputs_run05_three_loop_t2_3_model_4_lm0.4974_mut20/run05_candidate_0035_run05_three_loop_inputs_run05_three_loop_t2_3_model_4_lm0.4974_mut20_model_0.cif	run05/top48_boltz_pdbs/pdbs/rank038_cand0035_t2_3_model_4_lm0.4974_mut20.pdb	MSKGEELFTGVVPILVELDGDVNGHKFSVRGEGEGDATNGKLTLKFICTTGKLPVPWPTLVTTLTYGVQCFSRYPDHMKRHDFFKSAMPEGYVQERTISFKDDGTYKTRAEVKFEGDTLVNRIELKGIGFKADGGVLGKTLKYEKMSHNVYITADKQKNGIKANFKIRHNVEDGSVQLADHYQQNTPIGSGPAELPGDHYLSTQSVLSYDPDKKDEHMVLLEFVTAAGITHGGMDELYK
39	run05_candidate_0308_run05_three_loop_inputs_run05_three_loop_t3_0_model_1_lm0.4664_mut22	239	0.95172	0.90926	1.62	228.0	0.8687818050384521	0.8468432426452637	0.759088933467865	run05/output/boltz_results/boltz_results_boltz_yamls/predictions/run05_candidate_0308_run05_three_loop_inputs_run05_three_loop_t3_0_model_1_lm0.4664_mut22/run05_candidate_0308_run05_three_loop_inputs_run05_three_loop_t3_0_model_1_lm0.4664_mut22_model_0.cif	run05/top48_boltz_pdbs/pdbs/rank039_cand0308_t3_0_model_1_lm0.4664_mut22.pdb	MSKGEELFTGVVPILVELDGDVNGHKFSVRGEGEGDATNGKLTLKFICTTGKLPVPWPTLVTTLTYGVQCFSRYPDHMKRHDFFKSAMPEGYVQERTISFKDDGTYKTRAEVKFEGDTLVNRIELKGIDFKEDGPVLGKKFTETSSSHNVYITADKQKNGIKANFKIRHNVEDGSVQLADHYQQNTPIGKGAELTGEDHYLSTQSVLSWDPAKENEHMVLLEFVTAAGITHGGMDELYK
40	run05_candidate_0216_run05_three_loop_inputs_run05_three_loop_t2_4_model_3_lm0.4768_mut24	239	0.95166	0.90933	1.49	228.0	0.833042323589325	0.7774370312690735	0.5550159811973572	run05/output/boltz_results/boltz_results_boltz_yamls/predictions/run05_candidate_0216_run05_three_loop_inputs_run05_three_loop_t2_4_model_3_lm0.4768_mut24/run05_candidate_0216_run05_three_loop_inputs_run05_three_loop_t2_4_model_3_lm0.4768_mut24_model_0.cif	run05/top48_boltz_pdbs/pdbs/rank040_cand0216_t2_4_model_3_lm0.4768_mut24.pdb	MSKGEELFTGVVPILVELDGDVNGHKFSVRGEGEGDATNGKLTLKFICTTGKLPVPWPTLVTTLTYGVQCFSRYPDHMKRHDFFKSAMPEGYVQERTISFKDDGTYKTRAEVKFEGDTLVNRIELKGINMTENSKIIGEEAAELSNSHNVYITADKQKNGIKANFKIRHNVEDGSVQLADHYQQNTPIGKGPGVAGEDHYLSTQSVLSRDPSEPRDHMVLLEFVTAAGITHGGMDELYK
41	run05_candidate_0474_run05_three_loop_inputs_run05_three_loop_t3_8_model_1_lm0.4554_mut20	239	0.95164	0.90919	1.6	228.0	0.878730058670044	0.7916874289512634	0.4435170292854309	run05/output/boltz_results/boltz_results_boltz_yamls/predictions/run05_candidate_0474_run05_three_loop_inputs_run05_three_loop_t3_8_model_1_lm0.4554_mut20/run05_candidate_0474_run05_three_loop_inputs_run05_three_loop_t3_8_model_1_lm0.4554_mut20_model_0.cif	run05/top48_boltz_pdbs/pdbs/rank041_cand0474_t3_8_model_1_lm0.4554_mut20.pdb	MSKGEELFTGVVPILVELDGDVNGHKFSVRGEGEGDATNGKLTLKFICTTGKLPVPWPTLVTTLTYGVQCFSRYPDHMKRHDFFKSAMPEGYVQERTISFKDDGTYKTRAEVKFEGDTLVNRIELKGIDFKEDGGVLGKKLVYTEGSHNVYITADKQKNGIKANFKIRHNVEDGSVQLADHYQQNTPIGEKEAVIPDDHYLSTQSVLSRDPEKEDEHMVLLEFVTAAGITHGGMDELYK
42	run05_candidate_0226_run05_three_loop_inputs_run05_three_loop_t2_4_model_3_lm0.4760_mut25	239	0.95155	0.90891	1.49	226.0	0.8843494653701782	0.8436649441719055	0.6809265613555908	run05/output/boltz_results/boltz_results_boltz_yamls/predictions/run05_candidate_0226_run05_three_loop_inputs_run05_three_loop_t2_4_model_3_lm0.4760_mut25/run05_candidate_0226_run05_three_loop_inputs_run05_three_loop_t2_4_model_3_lm0.4760_mut25_model_0.cif	run05/top48_boltz_pdbs/pdbs/rank042_cand0226_t2_4_model_3_lm0.4760_mut25.pdb	MSKGEELFTGVVPILVELDGDVNGHKFSVRGEGEGDATNGKLTLKFICTTGKLPVPWPTLVTTLTYGVQCFSRYPDHMKRHDFFKSAMPEGYVQERTISFKDDGTYKTRAEVKFEGDTLVNRIELKGINMTENSRIIGEEAAELSSSHNVYITADKQKNGIKANFKIRHNVEDGSVQLADHYQQNTPIGKGPDIVGEDHYLSTQSVLSRDPSEPRDHMVLLEFVTAAGITHGGMDELYK
43	run05_candidate_0847_run05_three_loop_inputs_run05_three_loop_t3_1_model_3_lm0.4318_mut23	239	0.95143	0.90895	1.3	226.0	0.8663882613182068	0.8157866597175598	0.6133803725242615	run05/output/boltz_results/boltz_results_boltz_yamls/predictions/run05_candidate_0847_run05_three_loop_inputs_run05_three_loop_t3_1_model_3_lm0.4318_mut23/run05_candidate_0847_run05_three_loop_inputs_run05_three_loop_t3_1_model_3_lm0.4318_mut23_model_0.cif	run05/top48_boltz_pdbs/pdbs/rank043_cand0847_t3_1_model_3_lm0.4318_mut23.pdb	MSKGEELFTGVVPILVELDGDVNGHKFSVRGEGEGDATNGKLTLKFICTTGKLPVPWPTLVTTLTYGVQCFSRYPDHMKRHDFFKSAMPEGYVQERTISFKDDGTYKTRAEVKFEGDTLVNRIELKGIDIKESMKRIDFEAYQGPHSHNVYITADKQKNGIKANFKIRHNVEDGSVQLADHYQQNTPIGNGPEVVGEDHYLSTQSVLSRDPNEKRDHMVLLEFVTAAGITHGGMDELYK
44	run05_candidate_0455_run05_three_loop_inputs_run05_three_loop_t3_8_model_1_lm0.4561_mut19	239	0.95135	0.90888	1.67	228.0	0.8892911672592163	0.8294210433959961	0.5899403691291809	run05/output/boltz_results/boltz_results_boltz_yamls/predictions/run05_candidate_0455_run05_three_loop_inputs_run05_three_loop_t3_8_model_1_lm0.4561_mut19/run05_candidate_0455_run05_three_loop_inputs_run05_three_loop_t3_8_model_1_lm0.4561_mut19_model_0.cif	run05/top48_boltz_pdbs/pdbs/rank044_cand0455_t3_8_model_1_lm0.4561_mut19.pdb	MSKGEELFTGVVPILVELDGDVNGHKFSVRGEGEGDATNGKLTLKFICTTGKLPVPWPTLVTTLTYGVQCFSRYPDHMKRHDFFKSAMPEGYVQERTISFKDDGTYKTRAEVKFEGDTLVNRIELKGIDFKEDGGVLGKKLVYTEGSHNVYITADKQKNGIKANFKIRHNVEDGSVQLADHYQQNTPIGEREAVLPDDHYLSTQSVLSRDPDKEDEHMVLLEFVTAAGITHGGMDELYK
45	run05_candidate_0126_run05_three_loop_inputs_run05_three_loop_t1_5_model_2_lm0.4877_mut20	239	0.95104	0.90886	1.43	228.0	0.7882907390594482	0.6994617581367493	0.34414586424827576	run05/output/boltz_results/boltz_results_boltz_yamls/predictions/run05_candidate_0126_run05_three_loop_inputs_run05_three_loop_t1_5_model_2_lm0.4877_mut20/run05_candidate_0126_run05_three_loop_inputs_run05_three_loop_t1_5_model_2_lm0.4877_mut20_model_0.cif	run05/top48_boltz_pdbs/pdbs/rank045_cand0126_t1_5_model_2_lm0.4877_mut20.pdb	MSKGEELFTGVVPILVELDGDVNGHKFSVRGEGEGDATNGKLTLKFICTTGKLPVPWPTLVTTLTYGVQCFSRYPDHMKRHDFFKSAMPEGYVQERTISFKDDGTYKTRAEVKFEGDTLVNRIELKGINFKPDGAVLTLKFRPLVMSHNVYITADKQKNGIKANFKIRHNVEDGSVQLADHYQQNTPIGEKEVNLPDDHYLSTQSVLSRDPNEPEDHMVLLEFVTAAGITHGGMDELYK
46	run05_candidate_0630_run05_three_loop_inputs_run05_three_loop_t5_7_model_3_lm0.4446_mut23	239	0.95102	0.9086	1.45	227.0	0.8277958035469055	0.7809385657310486	0.5935091376304626	run05/output/boltz_results/boltz_results_boltz_yamls/predictions/run05_candidate_0630_run05_three_loop_inputs_run05_three_loop_t5_7_model_3_lm0.4446_mut23/run05_candidate_0630_run05_three_loop_inputs_run05_three_loop_t5_7_model_3_lm0.4446_mut23_model_0.cif	run05/top48_boltz_pdbs/pdbs/rank046_cand0630_t5_7_model_3_lm0.4446_mut23.pdb	MSKGEELFTGVVPILVELDGDVNGHKFSVRGEGEGDATNGKLTLKFICTTGKLPVPWPTLVTTLTYGVQCFSRYPDHMKRHDFFKSAMPEGYVQERTISFKDDGTYKTRAEVKFEGDTLVNRIELKGIDMKNLGKIIGEKADTLTQSHNVYITADKQKNGIKANFKIRHNVEDGSVQLADHYQQNTPIGKGAVLQGEDHYLSTQSVLSKDPENPENHMVLLEFVTAAGITHGGMDELYK
47	run05_candidate_0299_run05_three_loop_inputs_run05_three_loop_t3_0_model_1_lm0.4672_mut24	239	0.95099	0.90856	1.68	228.0	0.8514912724494934	0.8323941230773926	0.7560057640075684	run05/output/boltz_results/boltz_results_boltz_yamls/predictions/run05_candidate_0299_run05_three_loop_inputs_run05_three_loop_t3_0_model_1_lm0.4672_mut24/run05_candidate_0299_run05_three_loop_inputs_run05_three_loop_t3_0_model_1_lm0.4672_mut24_model_0.cif	run05/top48_boltz_pdbs/pdbs/rank047_cand0299_t3_0_model_1_lm0.4672_mut24.pdb	MSKGEELFTGVVPILVELDGDVNGHKFSVRGEGEGDATNGKLTLKFICTTGKLPVPWPTLVTTLTYGVQCFSRYPDHMKRHDFFKSAMPEGYVQERTISFKDDGTYKTRAEVKFEGDTLVNRIELKGINFKKDGPVLGKKFTETSSSHNVYITADKQKNGIKANFKIRHNVEDGSVQLADHYQQNTPIGKGAELVGEDHYLSTQSVLSWDPAKENEHMVLLEFVTAAGITHGGMDELYK
48	run05_candidate_0536_run05_three_loop_inputs_run05_three_loop_t1_8_model_4_lm0.4516_mut24	239	0.95092	0.90857	1.56	228.0	0.8503958582878113	0.8218097686767578	0.7074655890464783	run05/output/boltz_results/boltz_results_boltz_yamls/predictions/run05_candidate_0536_run05_three_loop_inputs_run05_three_loop_t1_8_model_4_lm0.4516_mut24/run05_candidate_0536_run05_three_loop_inputs_run05_three_loop_t1_8_model_4_lm0.4516_mut24_model_0.cif	run05/top48_boltz_pdbs/pdbs/rank048_cand0536_t1_8_model_4_lm0.4516_mut24.pdb	MSKGEELFTGVVPILVELDGDVNGHKFSVRGEGEGDATNGKLTLKFICTTGKLPVPWPTLVTTLTYGVQCFSRYPDHMKRHDFFKSAMPEGYVQERTISFKDDGTYKTRAEVKFEGDTLVNRIELKGIGFKEDGGVFKIKKDLKTFSHNVYITADKQKNGIKANFKIRHNVEDGSVQLADHYQQNTPIGTSGALAGDDHYLSTQSVLSFDPSKKDEHMVLLEFVTAAGITHGGMDELYK
